Mutation,Effect,N
S704L,1.1511216163635254,48.0
E484V,0.9665443301200867,30.0
V83A,0.9479529857635498,72.0
N501Y,0.7604683637619019,360.0
K356T,0.6820414066314697,24.0
P681H,0.6334336996078491,330.0
Q183V,0.47571781277656555,6.0
Q183E,0.46051448583602905,66.0
N460K,0.45108771324157715,207.0
R683N,0.4475955665111542,18.0
R683V,0.4459095001220703,6.0
R158A,0.4441288709640503,6.0
G257S,0.4149322509765625,87.0
I210V,0.4092221260070801,87.0
W152R,0.3972649872303009,87.0
L368I,0.3911970555782318,72.0
L216F,0.37841978669166565,27.0
R346K,0.36876770853996277,12.0
Q498R,0.3653391897678375,330.0
E484K,0.3263736367225647,27.0
F486V,0.3253306746482849,105.0
L452W,0.3206593096256256,21.0
L452R,0.3093469738960266,175.0
N481K,0.3026970326900482,21.0
F486P,0.269232839345932,39.0
H146Q,0.25715771317481995,69.0
V70del,0.23970037698745728,129.0
H69del,0.22517675161361694,129.0
V445P,0.19619767367839813,67.0
V445E,0.18062590062618256,8.0
R346T,0.1763664186000824,171.0
P25del,0.16407173871994019,324.0
V143del,0.15681986510753632,6.0
Y145del,0.15295414626598358,6.0
N658S,0.15265169739723206,12.0
V213E,0.15084977447986603,54.0
P26del,0.14940820634365082,324.0
ins214EPE,0.1437494307756424,6.0
K417N,0.1405205875635147,327.0
L981F,0.13341492414474487,9.0
S371L,0.13245375454425812,9.0
G496S,0.1302599459886551,9.0
N856K,0.11952490359544754,9.0
T547K,0.11390315741300583,9.0
E554K,0.1115676686167717,21.0
S939F,0.1104528084397316,21.0
A67V,0.1102973222732544,9.0
H245N,0.10895958542823792,24.0
K147N,0.09790799766778946,85.0
R158G,0.09674053639173508,24.0
V445H,0.09525284916162491,24.0
A570V,0.09352749586105347,24.0
A264D,0.09227688610553741,24.0
V127F,0.08784769475460052,24.0
P621S,0.08784615248441696,24.0
R403K,0.08776161819696426,24.0
P1143L,0.08312341570854187,24.0
F157S,0.07869501411914825,24.0
S50L,0.0763646736741066,24.0
N450D,0.07419230788946152,24.0
I332V,0.07331285625696182,24.0
K417V,0.05533142015337944,24.0
L18F,0.022553013637661934,6.0
F486S,0.02105410024523735,81.0
L452Q,0.01951395347714424,39.0
S494P,0.014677044004201889,6.0
L24del,0.013950935564935207,318.0
R408S,0.013142130337655544,336.0
V483del,0.011379864998161793,18.0
V213G,0.01088348776102066,282.0
G446S,0.010039716958999634,198.0
G252V,-0.004349539987742901,24.0
K113T,-0.01724500209093094,21.0
R683L,-0.0208814088255167,12.0
ins16MPLF,-0.021244384348392487,18.0
Y473F,-0.02719719521701336,40.0
M153S,-0.03605452924966812,43.0
Q493R,-0.04795605316758156,134.0
T19I,-0.04890192672610283,324.0
G339D,-0.050947967916727066,201.0
N969K,-0.0615510568022728,348.0
A27S,-0.06425649672746658,310.0
Q954H,-0.07348186522722244,348.0
N764K,-0.0926349014043808,351.0
N679K,-0.09744855016469955,351.0
S477N,-0.0981920063495636,351.0
N440K,-0.10318494588136673,351.0
K147E,-0.1038532480597496,66.0
D796Y,-0.1044578030705452,351.0
F456L,-0.10474707186222076,6.0
T478K,-0.11073952168226242,390.0
Q493S,-0.11142941564321518,12.0
S375F,-0.11412688344717026,348.0
S373P,-0.11486684530973434,348.0
Y248D,-0.12045682966709137,12.0
D1199N,-0.1270841807126999,9.0
T76I,-0.13051018118858337,46.0
N481T,-0.14769604802131653,17.0
H69G,-0.15271475911140442,12.0
F490S,-0.15369227528572083,78.0
ins152K,-0.15438295900821686,6.0
Y145T,-0.15967750549316406,6.0
N149T,-0.16402634978294373,6.0
S151G,-0.16789227724075317,6.0
ins150V,-0.16921782493591309,6.0
H146K,-0.17133906483650208,6.0
S494R,-0.17513737082481384,89.0
E154S,-0.17801035940647125,6.0
Y144F,-0.18084995448589325,6.0
T883I,-0.18331056833267212,9.0
N148T,-0.1833278387784958,6.0
M153V,-0.18790632486343384,6.0
G142D,-0.19612132012844086,339.0
G339H,-0.21293334662914276,144.0
D405N,-0.21908266842365265,342.0
R21T,-0.22723694145679474,21.0
A27L,-0.23098455369472504,14.0
S371F,-0.2369643598794937,339.0
F157L,-0.2538142800331116,90.0
Y505H,-0.257791131734848,348.0
T376A,-0.2641858756542206,339.0
K529L,-0.26511508226394653,97.0
I670V,-0.2840580642223358,12.0
N211del,-0.2909635305404663,33.0
F490R,-0.3059160113334656,54.0
S673G,-0.3114537298679352,6.0
T95I,-0.3280334174633026,12.0
L212I,-0.33120501041412354,36.0
L5F,-0.339017778635025,6.0
T604I,-0.37027236819267273,6.0
K444T,-0.39708566665649414,33.0
T19R,-0.4178559184074402,9.0
Q498Y,-0.48578840494155884,21.0
E484A,-0.5107853412628174,324.0
N439R,-0.5528721213340759,24.0
P681R,-0.5664608478546143,27.0
H655Y,-0.6930310130119324,354.0
S155R,-0.7147976756095886,55.0
A701V,-1.0378166437149048,6.0
R403T,-1.3372156620025635,12.0
Y144del,-1.5405166149139404,102.0
