Mutation,Mean Effect,N
K444T,-0.65636384,61.0
F486S,-0.6255253,367.0
L452R,-0.5782814,620.0
K417N,-0.52644736,1295.0
F486P,-0.47123602,19.0
S494R,-0.39098573,257.0
K147N,-0.33966908,339.0
G446S,-0.32009038,783.0
R346T,-0.3142829,533.0
Q493S,-0.29918715,23.0
G339D,-0.28973395,950.0
Q493R,-0.24348843,899.0
H146Q,-0.22436108,367.0
L368I,-0.21920459,367.0
Y473F,-0.21241087,276.0
V83A,-0.21240705,367.0
F490S,-0.20988816,367.0
L452Q,-0.18867138,267.0
V445P,-0.18179542,293.0
N501Y,-0.1769681,1470.0
Y144del,-0.1693284,411.0
K147E,-0.16867425,267.0
V213E,-0.1665192,202.0
Q183V,-0.15502162,55.0
W152R,-0.15257065,395.0
T76I,-0.14942808,319.0
G257S,-0.14661387,395.0
L18F,-0.1364933,46.0
E484K,-0.12832692,46.0
L241del,-0.12750973,23.0
I210V,-0.12662725,395.0
F157L,-0.12359523,395.0
A243del,-0.11767345,23.0
R346K,-0.10931567,109.0
L242del,-0.10778694,23.0
T19R,-0.10500571,77.0
A701V,-0.10137448,23.0
D215G,-0.10108336,23.0
Q498Y,-0.09991593,44.0
N460K,-0.09633612,804.0
D80A,-0.09274232,23.0
Y505H,-0.088027865,1401.0
H655Y,-0.08745017,1424.0
A27L,-0.08195196,83.0
P681H,-0.06968899,1424.0
S477N,-0.06753752,1401.0
D405N,-0.06722214,1380.0
T376A,-0.06299354,1380.0
P25del,-0.06125098,1380.0
F490R,-0.05963608,65.0
S373P,-0.05954581,1401.0
N440K,-0.058481105,1401.0
N679K,-0.058439873,1401.0
D796Y,-0.057698425,1401.0
P26del,-0.05753056,1380.0
Q954H,-0.054831557,1401.0
S375F,-0.051788844,1401.0
Q183E,-0.05041713,312.0
S371F,-0.049556788,1380.0
N969K,-0.049397416,1401.0
R408S,-0.047929175,1380.0
K417T,-0.042270917,23.0
P26S,-0.04191023,23.0
Q493K,-0.041884672,22.0
K529L,-0.040745653,417.0
E484A,-0.040691305,1401.0
N764K,-0.038809866,1401.0
G142D,-0.03026026,1424.0
R190S,-0.027123505,23.0
T1027I,-0.02424838,23.0
D138Y,-0.023756102,23.0
N481T,-0.019844152,127.0
T20N,-0.018405512,23.0
M153S,-0.009613138,297.0
V445E,-0.0037692466,74.0
A570D,-0.0032644265,23.0
Y145del,-0.002791909,21.0
N856K,-0.0021371818,21.0
S371L,-0.0010159668,21.0
A67V,0.0013214768,21.0
D1118H,0.0040424825,23.0
Rins214EPE,0.0060930555,21.0
T716I,0.00729285,23.0
Q498R,0.007497027,1357.0
V70del,0.012176309,326.0
L212I,0.014071129,21.0
E156G,0.016182315,23.0
G496S,0.017091412,21.0
L981F,0.017797118,21.0
S982A,0.017897738,23.0
V143del,0.018038286,21.0
T95I,0.018927744,21.0
N211del,0.023727285,21.0
F486V,0.025104174,282.0
T547K,0.02639519,21.0
P681R,0.026537359,23.0
A27S,0.030068012,1297.0
D950N,0.038029168,23.0
F157del,0.039238855,23.0
H69del,0.040358905,326.0
L24del,0.044658147,1357.0
R158del,0.051261134,23.0
G252V,0.0520531,39.0
T19I,0.08057582,1326.0
V213G,0.09515851,1178.0
S704L,0.18746306,313.0
T478K,0.1924585,1447.0
K417V,0.22740093,175.0
G339H,0.24532002,451.0
S155R,0.4373996,189.0
