Mutation,Pool,Mean Effect,N
F486S,Boost_Mod,-0.73145056,60.0
K444T,Boost_Mod,-0.69605154,9.0
F486S,BTI_BA.1,-0.69579935,60.0
K444T,BTI_BA.4/5,-0.6828997,3.0
K444T,Conv_WT,-0.6823905,8.0
K444T,BTI_BA.1,-0.6760852,9.0
K444T,BTI_Delta,-0.66913635,9.0
F486S,BTI_BA.4/5,-0.6669215,20.0
K444T,Boost_Pfiz,-0.66628224,6.0
K444T,Conv_Delta,-0.66578406,3.0
L452R,BTI_BA.1,-0.66141707,90.0
F486S,Boost_Pfiz,-0.65907604,32.0
K444T,Vac_Mod,-0.6588631,5.0
F486S,Conv_Delta,-0.6585922,20.0
K444T,Vac_Pfiz,-0.6569868,3.0
L452R,Conv_WT,-0.6512513,80.0
K444T,Bi-valent Boost,-0.6415872,3.0
L452R,BTI_BA.4/5,-0.6339733,30.0
F486S,Conv_WT,-0.63387734,38.0
F486S,Vac_Pfiz,-0.6277004,18.0
L452R,Conv_Delta,-0.62161416,30.0
F486S,Vac_Mod,-0.61204433,19.0
L452R,Vac_Mod,-0.60849226,51.0
L452R,Boost_Pfiz,-0.60079783,53.0
K444T,BTI_BA.2.12.1,-0.59777766,3.0
F486S,BTI_Delta,-0.585146,60.0
K417N,BTI_Delta,-0.57988137,189.0
K417N,Conv_Delta,-0.57914704,63.0
K417N,Boost_Mod,-0.55860335,189.0
L452R,Vac_Pfiz,-0.5578704,46.0
L452R,Boost_Mod,-0.5565169,90.0
F486S,BTI_BA.2.12.1,-0.5546763,20.0
L452R,BTI_Delta,-0.5423569,90.0
K417N,Bi-valent Boost,-0.53876096,63.0
K417N,BTI_BA.1,-0.53462636,189.0
K417N,BTI_BA.4/5,-0.5299093,63.0
K417N,BTI_BA.2.12.1,-0.51808995,63.0
K417N,Conv_WT,-0.5132828,163.0
F486S,Bi-valent Boost,-0.51300585,20.0
K417N,Boost_Pfiz,-0.504816,118.0
L452R,Bi-valent Boost,-0.49770454,30.0
K417N,Vac_Pfiz,-0.49291396,93.0
K417N,Vac_Mod,-0.48945722,102.0
L452R,BTI_BA.2.12.1,-0.48350582,30.0
F486P,Conv_WT,-0.48218346,2.0
F486P,BTI_BA.4/5,-0.48118803,1.0
F486P,Conv_Delta,-0.48025122,1.0
F486P,BTI_Delta,-0.47646183,3.0
F486P,Vac_Pfiz,-0.4763947,1.0
F486P,BTI_BA.2.12.1,-0.47533417,1.0
F486P,Boost_Pfiz,-0.4741086,2.0
F486P,Bi-valent Boost,-0.47362924,1.0
F486P,BTI_BA.1,-0.46939668,3.0
F486P,Vac_Mod,-0.46734253,1.0
F486P,Boost_Mod,-0.46260336,3.0
S494R,Conv_WT,-0.46236435,34.0
S494R,Conv_Delta,-0.43276915,12.0
S494R,Boost_Mod,-0.4058448,36.0
S494R,Vac_Mod,-0.3983933,22.0
S494R,BTI_BA.4/5,-0.39327055,12.0
R346T,Boost_Mod,-0.3841969,81.0
S494R,BTI_BA.1,-0.3839895,36.0
S494R,BTI_Delta,-0.38069898,36.0
K147N,BTI_BA.1,-0.37390938,51.0
G446S,Boost_Mod,-0.37304324,120.0
K147N,Conv_Delta,-0.37111655,17.0
S494R,BTI_BA.2.12.1,-0.3705074,12.0
S494R,Vac_Pfiz,-0.36989108,22.0
S494R,Boost_Pfiz,-0.36880663,23.0
S494R,Bi-valent Boost,-0.3634624,12.0
G446S,Vac_Pfiz,-0.35295686,41.0
K147N,Vac_Pfiz,-0.35266823,22.0
K147N,Boost_Mod,-0.34757876,51.0
K147N,Vac_Mod,-0.34662116,26.0
R346T,BTI_BA.4/5,-0.34516788,27.0
K147N,BTI_Delta,-0.3420704,51.0
R346T,Boost_Pfiz,-0.34073672,51.0
K147N,BTI_BA.4/5,-0.34009147,17.0
G446S,BTI_Delta,-0.3378506,120.0
R346T,BTI_Delta,-0.33756202,81.0
G446S,BTI_BA.4/5,-0.3341701,40.0
K147N,Boost_Pfiz,-0.33093086,27.0
K147N,Conv_WT,-0.3278367,43.0
K147N,BTI_BA.2.12.1,-0.3250898,17.0
G446S,BTI_BA.2.12.1,-0.32298288,40.0
G446S,Conv_Delta,-0.322899,40.0
G339D,Bi-valent Boost,-0.321017,45.0
G446S,BTI_BA.1,-0.32094964,120.0
G446S,Boost_Pfiz,-0.3204854,72.0
R346T,Vac_Pfiz,-0.32045364,33.0
R346T,Conv_WT,-0.31721434,62.0
R346T,Conv_Delta,-0.3160471,27.0
G339D,Boost_Mod,-0.31290194,135.0
K147N,Bi-valent Boost,-0.31129155,17.0
G339D,Conv_Delta,-0.30992976,45.0
Q493S,BTI_BA.2.12.1,-0.30873093,1.0
G339D,Conv_WT,-0.30763897,124.0
R346T,BTI_BA.1,-0.30753854,81.0
G339D,Vac_Mod,-0.3074213,80.0
Q493S,BTI_Delta,-0.3066541,3.0
H146Q,Boost_Mod,-0.30470282,60.0
G339D,BTI_BA.1,-0.30459416,135.0
Q493S,Boost_Pfiz,-0.30312333,2.0
Q493S,BTI_BA.4/5,-0.3030515,1.0
Q493S,Vac_Mod,-0.30296144,2.0
G446S,Vac_Mod,-0.30248702,56.0
L368I,Boost_Mod,-0.30084658,60.0
Q493S,BTI_BA.1,-0.3007296,3.0
Q493S,Conv_Delta,-0.29995716,1.0
Q493S,Bi-valent Boost,-0.29947555,1.0
Q493R,Conv_Delta,-0.2979421,43.0
Q493S,Vac_Pfiz,-0.2968328,3.0
Q493S,Boost_Mod,-0.29673532,3.0
Q493R,BTI_BA.1,-0.29653153,129.0
V83A,Boost_Mod,-0.2893699,60.0
Q493S,Conv_WT,-0.28917047,3.0
F490S,Boost_Mod,-0.2881698,60.0
R346T,Vac_Mod,-0.2880813,36.0
G339D,Boost_Pfiz,-0.28731933,84.0
G339D,BTI_BA.4/5,-0.28264722,45.0
G446S,Bi-valent Boost,-0.27811176,40.0
H146Q,BTI_BA.1,-0.2771501,60.0
R346T,BTI_BA.2.12.1,-0.2760321,27.0
L368I,BTI_BA.1,-0.27329668,60.0
G339D,BTI_Delta,-0.27121648,135.0
G446S,Conv_WT,-0.27019605,94.0
V83A,BTI_BA.1,-0.26337346,60.0
G339D,BTI_BA.2.12.1,-0.26253274,45.0
H146Q,BTI_BA.4/5,-0.2607919,20.0
F490S,BTI_BA.1,-0.26030597,60.0
Q493R,Conv_WT,-0.2597524,117.0
H146Q,Boost_Pfiz,-0.25687513,32.0
L368I,BTI_BA.4/5,-0.2540839,20.0
R346T,Bi-valent Boost,-0.25262952,27.0
Y144del,Boost_Mod,-0.2505361,66.0
V83A,BTI_BA.4/5,-0.25035027,20.0
F490S,BTI_BA.4/5,-0.2493273,20.0
Q493R,Vac_Mod,-0.24908753,75.0
L368I,Boost_Pfiz,-0.24620113,32.0
H146Q,Conv_Delta,-0.24453445,20.0
Q493R,BTI_BA.4/5,-0.24417466,43.0
L368I,Conv_Delta,-0.24204275,20.0
G339D,Vac_Pfiz,-0.24114321,77.0
F490S,Boost_Pfiz,-0.24011078,32.0
V83A,Boost_Pfiz,-0.23989038,32.0
Q493R,Vac_Pfiz,-0.23776376,69.0
Y473F,BTI_Delta,-0.23650274,39.0
Y473F,Conv_Delta,-0.23606284,13.0
F490S,Conv_Delta,-0.23597668,20.0
Y473F,Conv_WT,-0.23568328,37.0
V83A,Conv_Delta,-0.23475556,20.0
Q493R,BTI_Delta,-0.23404558,129.0
V445P,Boost_Mod,-0.23234832,48.0
Q493R,BTI_BA.2.12.1,-0.23075742,43.0
H146Q,Vac_Pfiz,-0.22882722,18.0
N501Y,Bi-valent Boost,-0.22623208,71.0
Y473F,Bi-valent Boost,-0.2247511,13.0
Y473F,BTI_BA.1,-0.224017,39.0
Q493R,Bi-valent Boost,-0.22383352,43.0
V445P,Conv_WT,-0.22374123,30.0
L368I,Vac_Pfiz,-0.22345603,18.0
N501Y,BTI_Delta,-0.22116016,213.0
Q493R,Boost_Pfiz,-0.22042927,79.0
H146Q,Conv_WT,-0.22017129,38.0
V445P,BTI_BA.1,-0.21727647,48.0
L452Q,BTI_BA.2.12.1,-0.2164774,12.0
Y473F,BTI_BA.4/5,-0.21522461,13.0
K147E,BTI_Delta,-0.21444774,39.0
L452Q,Boost_Mod,-0.21417339,36.0
Y144del,BTI_BA.1,-0.21406403,66.0
V445P,Conv_Delta,-0.21351047,16.0
V83A,Vac_Pfiz,-0.21271399,18.0
L368I,Conv_WT,-0.21040383,38.0
Y473F,BTI_BA.2.12.1,-0.20924075,13.0
Q493R,Boost_Mod,-0.20890109,129.0
F490S,Vac_Pfiz,-0.20864944,18.0
H146Q,Vac_Mod,-0.20814411,19.0
V83A,Conv_WT,-0.20809661,38.0
V213E,Boost_Mod,-0.20735016,33.0
L452Q,Conv_WT,-0.20723952,36.0
N501Y,BTI_BA.2.12.1,-0.20723271,71.0
Y473F,Boost_Pfiz,-0.20692688,26.0
F490S,Conv_WT,-0.20572019,38.0
L452Q,Bi-valent Boost,-0.20359698,12.0
N501Y,Boost_Mod,-0.20267153,213.0
W152R,BTI_BA.2.12.1,-0.20225166,19.0
L368I,Vac_Mod,-0.20087634,19.0
Y473F,Vac_Mod,-0.20079839,24.0
W152R,BTI_Delta,-0.20067431,57.0
Y144del,Boost_Pfiz,-0.19975913,36.0
H146Q,BTI_Delta,-0.19859348,60.0
V445P,Boost_Pfiz,-0.1976087,26.0
Y473F,Vac_Pfiz,-0.19746135,20.0
G257S,BTI_Delta,-0.19711082,57.0
Y144del,BTI_BA.4/5,-0.19588614,22.0
G257S,BTI_BA.2.12.1,-0.19527291,19.0
V83A,Vac_Mod,-0.19504213,19.0
L452Q,Conv_Delta,-0.19481999,12.0
K147E,Bi-valent Boost,-0.19383408,13.0
L452Q,BTI_Delta,-0.19263145,36.0
F490S,Vac_Mod,-0.19255126,19.0
W152R,Bi-valent Boost,-0.1917783,19.0
V445P,BTI_BA.4/5,-0.19026937,16.0
L368I,BTI_Delta,-0.18958515,60.0
K147E,Vac_Pfiz,-0.18939756,14.0
V445P,Vac_Pfiz,-0.188126,14.0
K147E,BTI_BA.2.12.1,-0.18673076,13.0
W152R,Vac_Pfiz,-0.18608476,22.0
V83A,BTI_Delta,-0.185109,60.0
G257S,Bi-valent Boost,-0.18459636,19.0
V213E,Boost_Pfiz,-0.18455425,20.0
L452Q,Vac_Mod,-0.18433933,24.0
V213E,BTI_BA.1,-0.18359603,33.0
F490S,BTI_Delta,-0.183403,60.0
L452Q,Vac_Pfiz,-0.18159612,27.0
N501Y,Conv_Delta,-0.18119282,71.0
Y144del,Conv_Delta,-0.18063034,22.0
Q183V,Conv_Delta,-0.18009046,3.0
V213E,Vac_Pfiz,-0.17983678,9.0
G257S,Vac_Pfiz,-0.17909257,22.0
V213E,BTI_BA.4/5,-0.17759417,11.0
I210V,BTI_BA.2.12.1,-0.17590865,19.0
Y144del,Vac_Pfiz,-0.17518444,22.0
K147E,Conv_Delta,-0.17500691,13.0
Q183V,BTI_BA.4/5,-0.17384274,3.0
I210V,BTI_Delta,-0.17378144,57.0
Q183V,BTI_BA.1,-0.17321937,9.0
F157L,BTI_BA.2.12.1,-0.17163546,19.0
Y473F,Boost_Mod,-0.17113692,39.0
T76I,BTI_Delta,-0.17108163,45.0
L452Q,BTI_BA.4/5,-0.169511,12.0
H146Q,BTI_BA.2.12.1,-0.1691427,20.0
F157L,BTI_Delta,-0.16843486,57.0
K147E,Vac_Mod,-0.16755497,23.0
Q183V,Boost_Mod,-0.1672565,9.0
V213E,BTI_BA.2.12.1,-0.16625406,11.0
I210V,Bi-valent Boost,-0.16623288,19.0
N501Y,BTI_BA.4/5,-0.16621888,71.0
K147E,BTI_BA.4/5,-0.16576107,13.0
T76I,Conv_Delta,-0.16573356,15.0
L452Q,Boost_Pfiz,-0.16556403,24.0
T76I,BTI_BA.1,-0.16492777,45.0
L18F,Bi-valent Boost,-0.16435073,2.0
L452Q,BTI_BA.1,-0.16366826,36.0
V213E,Conv_WT,-0.16356382,20.0
L368I,BTI_BA.2.12.1,-0.16348696,20.0
Y144del,Vac_Mod,-0.16293953,23.0
N501Y,BTI_BA.1,-0.16230446,213.0
T76I,Conv_WT,-0.1618992,43.0
V213E,BTI_Delta,-0.16135485,33.0
F157L,Bi-valent Boost,-0.16122557,19.0
Q183V,Vac_Mod,-0.15917498,3.0
V83A,BTI_BA.2.12.1,-0.15871471,20.0
N460K,Boost_Mod,-0.15839633,123.0
I210V,Vac_Pfiz,-0.15836328,22.0
T76I,Bi-valent Boost,-0.1578359,15.0
F157L,Vac_Pfiz,-0.15668023,22.0
V445P,BTI_Delta,-0.15660624,48.0
E484K,Bi-valent Boost,-0.15551195,2.0
Q183V,Conv_WT,-0.15546429,6.0
Q183V,Boost_Pfiz,-0.15512152,4.0
F490S,BTI_BA.2.12.1,-0.15509897,20.0
N501Y,Boost_Pfiz,-0.15460362,134.0
V445P,Vac_Mod,-0.15411785,15.0
W152R,Vac_Mod,-0.15387368,35.0
R346K,BTI_BA.1,-0.15384112,18.0
K147E,Conv_WT,-0.15347384,35.0
N501Y,Vac_Pfiz,-0.15306939,108.0
T76I,Boost_Pfiz,-0.1524984,30.0
T76I,BTI_BA.2.12.1,-0.15210687,15.0
Y144del,Conv_WT,-0.15150395,44.0
L18F,BTI_BA.2.12.1,-0.15020654,2.0
V213E,Conv_Delta,-0.14979996,11.0
L18F,BTI_Delta,-0.14921597,6.0
K147E,BTI_BA.1,-0.14788383,39.0
G257S,Vac_Mod,-0.14784542,35.0
Q183V,Vac_Pfiz,-0.14762649,3.0
N501Y,Vac_Mod,-0.14729035,118.0
K147E,Boost_Pfiz,-0.14683323,26.0
Q183V,BTI_Delta,-0.14603631,9.0
T76I,BTI_BA.4/5,-0.14570081,15.0
T19R,Conv_WT,-0.1446323,9.0
L18F,Conv_Delta,-0.14447375,2.0
W152R,BTI_BA.4/5,-0.1429721,19.0
N501Y,Conv_WT,-0.14238101,187.0
L241del,Bi-valent Boost,-0.14089258,1.0
R346K,Conv_WT,-0.14086324,12.0
E484K,BTI_Delta,-0.14039601,6.0
E484K,BTI_BA.2.12.1,-0.14019424,2.0
L241del,BTI_BA.2.12.1,-0.14006633,1.0
V213E,Vac_Mod,-0.13977563,10.0
Y144del,BTI_Delta,-0.1391059,66.0
V213E,Bi-valent Boost,-0.13862078,11.0
L241del,BTI_Delta,-0.13789976,3.0
W152R,Conv_Delta,-0.13745938,19.0
A243del,Bi-valent Boost,-0.13723584,1.0
T76I,Vac_Mod,-0.13717191,28.0
L18F,Vac_Pfiz,-0.13715585,6.0
R346K,Conv_Delta,-0.13673262,6.0
G257S,Conv_Delta,-0.13649002,19.0
G257S,BTI_BA.4/5,-0.13563114,19.0
L241del,Conv_Delta,-0.13339275,1.0
Q183V,BTI_BA.2.12.1,-0.13324104,3.0
L18F,BTI_BA.4/5,-0.13321947,2.0
H146Q,Bi-valent Boost,-0.13296105,20.0
N460K,BTI_Delta,-0.13273937,123.0
K147E,Boost_Mod,-0.13271634,39.0
Q498Y,BTI_Delta,-0.13253862,6.0
E484K,Conv_Delta,-0.13194256,2.0
L18F,BTI_BA.1,-0.13113143,6.0
L18F,Boost_Mod,-0.13056241,6.0
A243del,BTI_BA.2.12.1,-0.13026386,1.0
H655Y,BTI_Delta,-0.13013962,207.0
T19R,Vac_Mod,-0.13012505,5.0
Y144del,BTI_BA.2.12.1,-0.12977083,22.0
E484K,BTI_BA.4/5,-0.12958135,2.0
E484K,Vac_Pfiz,-0.12943196,6.0
Y505H,Boost_Mod,-0.12888825,204.0
W152R,Boost_Pfiz,-0.12885806,38.0
L241del,Vac_Pfiz,-0.12831262,3.0
L18F,Boost_Pfiz,-0.1278567,4.0
Q183V,Bi-valent Boost,-0.1277055,3.0
R346K,Vac_Mod,-0.12766504,6.0
A243del,BTI_Delta,-0.1274577,3.0
L242del,Bi-valent Boost,-0.12735625,1.0
L368I,Bi-valent Boost,-0.12714294,20.0
T76I,Vac_Pfiz,-0.1265216,23.0
L241del,BTI_BA.4/5,-0.12640838,1.0
E484K,BTI_BA.1,-0.1260976,6.0
V445P,BTI_BA.2.12.1,-0.12562828,16.0
R346K,BTI_BA.4/5,-0.12560287,6.0
N460K,BTI_BA.4/5,-0.1253283,41.0
T19R,Conv_Delta,-0.12496799,4.0
I210V,Vac_Mod,-0.124502026,35.0
R346K,Boost_Mod,-0.124247506,18.0
L241del,BTI_BA.1,-0.12423195,3.0
L241del,Boost_Mod,-0.12417322,3.0
H655Y,Boost_Mod,-0.12396488,207.0
T19R,BTI_BA.1,-0.12362295,12.0
L241del,Boost_Pfiz,-0.12332534,2.0
Y505H,BTI_Delta,-0.12328931,204.0
F157L,Vac_Mod,-0.12320115,35.0
W152R,Conv_WT,-0.123151034,53.0
A243del,Conv_Delta,-0.122716725,1.0
G257S,Boost_Pfiz,-0.12271498,38.0
L241del,Conv_WT,-0.12222948,3.0
L18F,Conv_WT,-0.12193833,6.0
N460K,Vac_Pfiz,-0.121602125,42.0
T19R,Vac_Pfiz,-0.12055185,6.0
E484K,Boost_Mod,-0.120547526,6.0
A701V,Bi-valent Boost,-0.12047235,1.0
G257S,Conv_WT,-0.12011532,53.0
L241del,Vac_Mod,-0.11989316,2.0
H655Y,Bi-valent Boost,-0.11955881,69.0
E484K,Boost_Pfiz,-0.11920059,4.0
T19R,BTI_BA.4/5,-0.118767284,4.0
L18F,Vac_Mod,-0.11870556,4.0
D215G,Bi-valent Boost,-0.11850127,1.0
W152R,Boost_Mod,-0.118495315,57.0
A243del,BTI_BA.4/5,-0.118481405,1.0
L242del,BTI_BA.2.12.1,-0.11847651,1.0
T19R,Boost_Pfiz,-0.1182895,5.0
L242del,BTI_Delta,-0.11802056,3.0
I210V,Conv_Delta,-0.117142655,19.0
F490S,Bi-valent Boost,-0.116200805,20.0
Q498Y,BTI_BA.2.12.1,-0.11612467,2.0
V83A,Bi-valent Boost,-0.11595641,20.0
I210V,BTI_BA.4/5,-0.11570558,19.0
A243del,Vac_Pfiz,-0.11557412,3.0
Q183E,Boost_Mod,-0.11545704,51.0
E484K,Conv_WT,-0.1147686,6.0
A243del,Boost_Mod,-0.11433246,3.0
L242del,Conv_Delta,-0.11408092,1.0
Q498Y,Bi-valent Boost,-0.11407438,2.0
T76I,Boost_Mod,-0.11363158,45.0
R346K,Boost_Pfiz,-0.113356106,7.0
A243del,BTI_BA.1,-0.113027915,3.0
Y505H,Bi-valent Boost,-0.11268897,68.0
A243del,Boost_Pfiz,-0.11267027,2.0
D80A,Bi-valent Boost,-0.11145011,1.0
Q498Y,Conv_Delta,-0.11081202,2.0
G257S,Boost_Mod,-0.11058455,57.0
F157L,BTI_BA.4/5,-0.11035874,19.0
Q498Y,Conv_WT,-0.11032829,6.0
A701V,BTI_Delta,-0.11014005,3.0
D215G,BTI_BA.2.12.1,-0.110077746,1.0
R346K,Vac_Pfiz,-0.109987475,6.0
E484K,Vac_Mod,-0.10996797,4.0
F157L,Conv_Delta,-0.10966078,19.0
V445P,Bi-valent Boost,-0.108720206,16.0
A701V,BTI_BA.2.12.1,-0.10869491,1.0
D215G,BTI_Delta,-0.10842114,3.0
L242del,BTI_BA.4/5,-0.10805383,1.0
W152R,BTI_BA.1,-0.10794211,57.0
S477N,Boost_Mod,-0.1077826,204.0
A243del,Vac_Mod,-0.1072037,2.0
N460K,BTI_BA.1,-0.1067285,123.0
A243del,Conv_WT,-0.1066443,3.0
A701V,Conv_Delta,-0.10635154,1.0
D215G,Conv_Delta,-0.10634433,1.0
D80A,BTI_BA.2.12.1,-0.1055195,1.0
L242del,Vac_Pfiz,-0.10551057,3.0
I210V,Boost_Pfiz,-0.10494722,38.0
L242del,Boost_Mod,-0.1041474,3.0
D215G,BTI_BA.4/5,-0.10365074,1.0
N460K,Boost_Pfiz,-0.103526674,74.0
G257S,BTI_BA.1,-0.103345096,57.0
D80A,BTI_Delta,-0.10321975,3.0
F157L,Boost_Pfiz,-0.103216745,38.0
L242del,BTI_BA.1,-0.10215395,3.0
D405N,BTI_Delta,-0.10171345,201.0
L242del,Conv_WT,-0.101693675,3.0
P681H,BTI_Delta,-0.10163897,207.0
F490R,Boost_Mod,-0.10150488,9.0
Q498Y,Vac_Pfiz,-0.101457596,4.0
S477N,BTI_Delta,-0.10131508,204.0
P681H,Boost_Mod,-0.10108829,207.0
T376A,BTI_Delta,-0.10033771,201.0
A701V,BTI_BA.4/5,-0.100235656,1.0
L242del,Vac_Mod,-0.100040674,2.0
L242del,Boost_Pfiz,-0.09996954,2.0
A701V,Vac_Pfiz,-0.09978565,3.0
A27L,Conv_Delta,-0.099597156,4.0
D215G,Vac_Pfiz,-0.09871285,3.0
A27L,Conv_WT,-0.09834756,11.0
D80A,Conv_Delta,-0.09763319,1.0
N440K,Boost_Mod,-0.09758233,204.0
Y505H,BTI_BA.2.12.1,-0.09757062,68.0
A701V,Boost_Pfiz,-0.09736156,2.0
D796Y,Boost_Mod,-0.09701157,204.0
S373P,Boost_Mod,-0.09685382,204.0
H655Y,BTI_BA.2.12.1,-0.09618475,69.0
A701V,BTI_BA.1,-0.0960801,3.0
I210V,Conv_WT,-0.096022114,53.0
D215G,Boost_Pfiz,-0.09578312,2.0
D215G,BTI_BA.1,-0.09536313,3.0
A701V,Boost_Mod,-0.09533389,3.0
N679K,BTI_Delta,-0.09519522,204.0
N679K,Boost_Mod,-0.09516844,204.0
T19R,Boost_Mod,-0.09462135,12.0
Q954H,Boost_Mod,-0.09452874,204.0
S373P,BTI_Delta,-0.09436479,204.0
A27L,BTI_BA.1,-0.09423284,12.0
F157L,Conv_WT,-0.09395854,53.0
D80A,Vac_Pfiz,-0.09383019,3.0
P681H,Bi-valent Boost,-0.09375803,69.0
S375F,Boost_Mod,-0.09359187,204.0
N460K,Conv_Delta,-0.09354322,41.0
D215G,Boost_Mod,-0.09326231,3.0
D80A,BTI_BA.4/5,-0.09299734,1.0
Y505H,Conv_Delta,-0.092735425,68.0
D405N,Boost_Mod,-0.09246318,201.0
D796Y,BTI_Delta,-0.09242716,204.0
N440K,BTI_Delta,-0.0923401,204.0
A701V,Conv_WT,-0.091767855,3.0
Q498Y,BTI_BA.1,-0.091526985,6.0
P25del,BTI_Delta,-0.09151541,201.0
S477N,Bi-valent Boost,-0.091432534,68.0
H655Y,Conv_Delta,-0.091032244,69.0
I210V,Boost_Mod,-0.09091088,57.0
D215G,Vac_Mod,-0.0908871,2.0
A701V,Vac_Mod,-0.09003305,2.0
T376A,Boost_Mod,-0.08993562,201.0
P26del,BTI_Delta,-0.08981698,201.0
D215G,Conv_WT,-0.08962226,3.0
D80A,Boost_Mod,-0.089339636,3.0
D80A,BTI_BA.1,-0.08863642,3.0
N969K,Boost_Mod,-0.08839391,204.0
Q954H,BTI_Delta,-0.08810082,204.0
Q498Y,Vac_Mod,-0.08783194,4.0
N969K,BTI_Delta,-0.08738187,204.0
Y144del,Bi-valent Boost,-0.087261595,22.0
P681H,BTI_BA.2.12.1,-0.086912915,69.0
P26del,Boost_Mod,-0.08674357,201.0
Q498Y,Boost_Pfiz,-0.08630515,4.0
S375F,BTI_Delta,-0.086249806,204.0
Q183E,BTI_BA.1,-0.086035766,51.0
D80A,Conv_WT,-0.08548568,3.0
K529L,Conv_Delta,-0.085430324,21.0
P25del,Boost_Mod,-0.08524744,201.0
F157L,Boost_Mod,-0.084808044,57.0
D80A,Boost_Pfiz,-0.084706545,2.0
D796Y,Bi-valent Boost,-0.08311945,68.0
Q183E,Boost_Pfiz,-0.08298973,28.0
R408S,BTI_Delta,-0.0826537,201.0
A27L,BTI_BA.4/5,-0.08258701,4.0
Q498Y,BTI_BA.4/5,-0.082544714,2.0
A27L,BTI_Delta,-0.08253279,12.0
S371F,BTI_Delta,-0.08244461,201.0
S373P,Bi-valent Boost,-0.08224486,68.0
Y505H,BTI_BA.1,-0.08217437,204.0
R346K,BTI_Delta,-0.08149904,18.0
E484A,Boost_Mod,-0.081433244,204.0
A27L,BTI_BA.2.12.1,-0.08128717,4.0
N440K,Bi-valent Boost,-0.080714755,68.0
I210V,BTI_BA.1,-0.080708705,57.0
D80A,Vac_Mod,-0.08046823,2.0
N764K,Boost_Mod,-0.0801837,204.0
N679K,Bi-valent Boost,-0.0796703,68.0
H655Y,BTI_BA.1,-0.079631954,207.0
F157L,BTI_BA.1,-0.0795355,57.0
H655Y,BTI_BA.4/5,-0.07905583,69.0
A27L,Bi-valent Boost,-0.0789583,4.0
Q954H,Bi-valent Boost,-0.07878431,68.0
S371F,Boost_Mod,-0.078383215,201.0
E484A,BTI_Delta,-0.077797495,204.0
A27L,Vac_Mod,-0.077609755,7.0
Y505H,BTI_BA.4/5,-0.077580914,68.0
T19R,BTI_Delta,-0.07734684,12.0
D405N,Conv_Delta,-0.07606869,67.0
A27L,Boost_Pfiz,-0.07601498,8.0
N460K,Vac_Mod,-0.075814016,58.0
R408S,Boost_Mod,-0.07572603,201.0
S375F,Bi-valent Boost,-0.07538939,68.0
N969K,Bi-valent Boost,-0.074263595,68.0
T376A,Bi-valent Boost,-0.073897906,67.0
D405N,Bi-valent Boost,-0.07381079,67.0
K529L,Vac_Mod,-0.07380249,32.0
F490R,Vac_Pfiz,-0.072135195,5.0
N764K,BTI_Delta,-0.07182734,204.0
S477N,BTI_BA.2.12.1,-0.071259,68.0
Y505H,Boost_Pfiz,-0.07116418,128.0
S477N,Conv_Delta,-0.07104754,68.0
T376A,Conv_Delta,-0.07023835,67.0
P25del,Conv_Delta,-0.06991911,67.0
Q498Y,Boost_Mod,-0.06981529,6.0
A27L,Vac_Pfiz,-0.06938075,5.0
P26del,Bi-valent Boost,-0.06926071,67.0
P25del,Bi-valent Boost,-0.06876316,67.0
Y505H,Conv_WT,-0.068566285,178.0
P681H,Conv_Delta,-0.06828658,69.0
D405N,BTI_BA.4/5,-0.0671616,67.0
H655Y,Vac_Pfiz,-0.06704042,102.0
Q183E,BTI_BA.4/5,-0.066590495,17.0
K529L,Vac_Pfiz,-0.066465795,25.0
Y505H,Vac_Mod,-0.0659212,112.0
D405N,BTI_BA.1,-0.06591174,201.0
S373P,BTI_BA.2.12.1,-0.06580004,68.0
P26del,Conv_Delta,-0.06540364,67.0
D405N,BTI_BA.2.12.1,-0.06509442,67.0
Y505H,Vac_Pfiz,-0.06474947,99.0
F490R,Conv_WT,-0.06452385,9.0
H655Y,Boost_Pfiz,-0.06450792,130.0
N764K,Bi-valent Boost,-0.064419426,68.0
E484A,Bi-valent Boost,-0.06440121,68.0
T19R,BTI_BA.2.12.1,-0.06435065,4.0
A27L,Boost_Mod,-0.06434051,12.0
S477N,BTI_BA.1,-0.06413146,204.0
N679K,BTI_BA.2.12.1,-0.06383779,68.0
F490R,Conv_Delta,-0.06358137,3.0
P25del,BTI_BA.4/5,-0.0634444,67.0
N460K,Conv_WT,-0.06314604,97.0
D405N,Conv_WT,-0.063024625,175.0
N679K,Conv_Delta,-0.06293763,68.0
N440K,BTI_BA.2.12.1,-0.06275776,68.0
P25del,BTI_BA.1,-0.062357202,201.0
S373P,Conv_Delta,-0.06179381,68.0
Q954H,BTI_BA.2.12.1,-0.061435834,68.0
K529L,BTI_BA.1,-0.06132005,63.0
Q498R,Boost_Mod,-0.06126502,198.0
T376A,BTI_BA.4/5,-0.0610594,67.0
N440K,Conv_Delta,-0.060901124,68.0
D796Y,Conv_Delta,-0.060893275,68.0
S477N,BTI_BA.4/5,-0.06055744,68.0
D796Y,BTI_BA.2.12.1,-0.06054308,68.0
S371F,Conv_Delta,-0.06030188,67.0
S375F,BTI_BA.2.12.1,-0.06023298,68.0
P681H,BTI_BA.4/5,-0.059843786,69.0
F490R,Vac_Mod,-0.0597297,6.0
Q954H,Conv_Delta,-0.05968179,68.0
T376A,BTI_BA.1,-0.0596513,201.0
T376A,BTI_BA.2.12.1,-0.059502967,67.0
R408S,Bi-valent Boost,-0.059441827,67.0
P26del,BTI_BA.1,-0.05937732,201.0
H655Y,Conv_WT,-0.058459662,181.0
P26del,BTI_BA.4/5,-0.058320228,67.0
P681H,BTI_BA.1,-0.05793006,207.0
H655Y,Vac_Mod,-0.05764086,114.0
K529L,Conv_WT,-0.057605743,52.0
Q183E,Vac_Pfiz,-0.057288647,15.0
T376A,Conv_WT,-0.057272002,175.0
N969K,BTI_BA.2.12.1,-0.057153057,68.0
R346K,Bi-valent Boost,-0.057002038,6.0
G142D,Boost_Mod,-0.056259423,207.0
P25del,Conv_WT,-0.0561228,175.0
F490R,Boost_Pfiz,-0.056087647,6.0
P25del,BTI_BA.2.12.1,-0.05585127,67.0
S371F,Bi-valent Boost,-0.05554506,67.0
P26del,BTI_BA.2.12.1,-0.055232484,67.0
P681H,Vac_Mod,-0.054555394,114.0
F490R,BTI_BA.2.12.1,-0.054064076,3.0
K417T,Bi-valent Boost,-0.053889934,1.0
T19R,Bi-valent Boost,-0.053750806,4.0
R408S,Conv_Delta,-0.053685393,67.0
S375F,Conv_Delta,-0.053449847,68.0
D796Y,BTI_BA.1,-0.053070154,204.0
N969K,Conv_Delta,-0.05302523,68.0
F490R,Bi-valent Boost,-0.052744105,3.0
P681H,Conv_WT,-0.052512385,181.0
D796Y,BTI_BA.4/5,-0.05227686,68.0
N440K,BTI_BA.1,-0.051823486,204.0
N679K,BTI_BA.1,-0.051773425,204.0
G142D,BTI_Delta,-0.051640138,207.0
P26del,Conv_WT,-0.051418684,175.0
P681H,Boost_Pfiz,-0.05119539,130.0
S373P,BTI_BA.1,-0.050958555,204.0
S373P,BTI_BA.4/5,-0.050864123,68.0
P681H,Vac_Pfiz,-0.050647594,102.0
F490R,BTI_Delta,-0.049918193,9.0
P26S,Bi-valent Boost,-0.04979607,1.0
R408S,BTI_BA.4/5,-0.049576707,67.0
N440K,BTI_BA.4/5,-0.04942764,68.0
N679K,BTI_BA.4/5,-0.04905764,68.0
D405N,Boost_Pfiz,-0.04896022,126.0
Q954H,BTI_BA.4/5,-0.04883482,68.0
T376A,Boost_Pfiz,-0.04783639,126.0
S477N,Boost_Pfiz,-0.047676228,128.0
Q493K,Conv_Delta,-0.047608092,1.0
S371F,BTI_BA.1,-0.047471654,201.0
Q493K,BTI_BA.2.12.1,-0.04744942,1.0
P26S,Vac_Pfiz,-0.046885498,3.0
Q493K,BTI_BA.1,-0.046793543,3.0
S371F,Conv_WT,-0.046705298,175.0
S477N,Conv_WT,-0.046691056,178.0
S371F,BTI_BA.4/5,-0.04668462,67.0
R408S,BTI_BA.1,-0.046660557,201.0
Q954H,BTI_BA.1,-0.04664242,204.0
Q183E,Conv_Delta,-0.04649469,17.0
S477N,Vac_Pfiz,-0.046178922,99.0
K529L,BTI_BA.4/5,-0.046130545,21.0
P26S,BTI_Delta,-0.0460908,3.0
R408S,BTI_BA.2.12.1,-0.04588607,67.0
E484A,Conv_Delta,-0.04578533,68.0
K417T,BTI_BA.2.12.1,-0.045753803,1.0
P25del,Boost_Pfiz,-0.04571784,126.0
R408S,Conv_WT,-0.045716118,175.0
K417T,Vac_Pfiz,-0.045564167,3.0
E484A,BTI_BA.2.12.1,-0.045132723,68.0
F490R,BTI_BA.1,-0.045026977,9.0
P26S,BTI_BA.2.12.1,-0.044705134,1.0
Q493K,Boost_Pfiz,-0.044511758,2.0
S371F,BTI_BA.2.12.1,-0.044486344,67.0
N764K,Conv_Delta,-0.04427964,68.0
K417T,BTI_BA.1,-0.044168152,3.0
N481T,BTI_Delta,-0.04415949,18.0
S477N,Vac_Mod,-0.043907966,112.0
N764K,BTI_BA.2.12.1,-0.043721143,68.0
S375F,BTI_BA.4/5,-0.043633513,68.0
N460K,Bi-valent Boost,-0.043553747,41.0
Q493K,Conv_WT,-0.043471284,3.0
Q493K,Vac_Mod,-0.043357957,2.0
K417T,BTI_Delta,-0.043351684,3.0
K417T,BTI_BA.4/5,-0.043244686,1.0
D405N,Vac_Pfiz,-0.042775195,98.0
S375F,BTI_BA.1,-0.04249057,204.0
K417T,Conv_Delta,-0.04244162,1.0
D405N,Vac_Mod,-0.041950405,110.0
T376A,Vac_Pfiz,-0.04184905,98.0
Q493K,Bi-valent Boost,-0.041769907,1.0
N969K,BTI_BA.1,-0.041665804,204.0
Q493K,BTI_BA.4/5,-0.04154506,1.0
T376A,Vac_Mod,-0.04108825,110.0
Q183E,Conv_WT,-0.0410255,32.0
P26S,BTI_BA.1,-0.04081117,3.0
P26del,Boost_Pfiz,-0.04054754,126.0
R346K,BTI_BA.2.12.1,-0.040541682,6.0
S373P,Conv_WT,-0.040524688,178.0
F490R,BTI_BA.4/5,-0.04042139,3.0
N679K,Boost_Pfiz,-0.040418018,128.0
P26S,Conv_Delta,-0.039806113,1.0
P26S,BTI_BA.4/5,-0.039677266,1.0
M153S,BTI_Delta,-0.03960815,42.0
N969K,BTI_BA.4/5,-0.03957741,68.0
S373P,Boost_Pfiz,-0.039433435,128.0
N460K,BTI_BA.2.12.1,-0.0389978,41.0
K417T,Boost_Pfiz,-0.0389703,2.0
P26S,Boost_Pfiz,-0.038773164,2.0
D796Y,Boost_Pfiz,-0.03871388,128.0
R190S,Bi-valent Boost,-0.03824342,1.0
K417T,Boost_Mod,-0.037941415,3.0
N440K,Vac_Pfiz,-0.03786834,99.0
P26S,Conv_WT,-0.03759505,3.0
P26S,Vac_Mod,-0.037512634,2.0
N440K,Boost_Pfiz,-0.037452556,128.0
V70del,Bi-valent Boost,-0.03715006,15.0
K529L,BTI_Delta,-0.03714944,63.0
P26S,Boost_Mod,-0.03697495,3.0
P25del,Vac_Pfiz,-0.03691798,98.0
D796Y,Conv_WT,-0.03685592,178.0
N679K,Vac_Mod,-0.036784712,112.0
N679K,Conv_WT,-0.036546763,178.0
K529L,Boost_Pfiz,-0.03563897,35.0
K417T,Vac_Mod,-0.035567533,2.0
Q493K,Vac_Pfiz,-0.035272676,2.0
N679K,Vac_Pfiz,-0.035116225,99.0
P26del,Vac_Pfiz,-0.035098463,98.0
S373P,Vac_Mod,-0.035097342,112.0
T1027I,Bi-valent Boost,-0.034805406,1.0
E484A,BTI_BA.1,-0.034800503,204.0
Q493K,BTI_Delta,-0.03474523,3.0
G142D,Bi-valent Boost,-0.034728218,69.0
N440K,Conv_WT,-0.034508366,178.0
Q954H,Vac_Mod,-0.03434401,112.0
Q183E,BTI_Delta,-0.034192827,51.0
N764K,BTI_BA.1,-0.03419222,204.0
K417T,Conv_WT,-0.034144685,3.0
S373P,Vac_Pfiz,-0.03410072,99.0
S375F,Boost_Pfiz,-0.034085657,128.0
Q493K,Boost_Mod,-0.03404591,3.0
G142D,BTI_BA.2.12.1,-0.034045864,69.0
N764K,BTI_BA.4/5,-0.03397297,68.0
S371F,Boost_Pfiz,-0.033874966,126.0
N440K,Vac_Mod,-0.03366958,112.0
Q954H,Conv_WT,-0.033604316,178.0
D796Y,Vac_Mod,-0.03352981,112.0
Q954H,Boost_Pfiz,-0.03349517,128.0
P26del,Vac_Mod,-0.033419415,110.0
P25del,Vac_Mod,-0.03339713,110.0
Q954H,Vac_Pfiz,-0.032975614,99.0
S375F,Vac_Pfiz,-0.03293631,99.0
D796Y,Vac_Pfiz,-0.032932743,99.0
G142D,BTI_BA.4/5,-0.03292534,69.0
E484A,BTI_BA.4/5,-0.032413207,68.0
D138Y,Bi-valent Boost,-0.03204895,1.0
R190S,BTI_BA.2.12.1,-0.03183678,1.0
N969K,Boost_Pfiz,-0.0316591,128.0
S375F,Conv_WT,-0.031175394,178.0
N481T,Conv_WT,-0.031174026,17.0
V445E,Boost_Mod,-0.031055072,12.0
R408S,Boost_Pfiz,-0.030802663,126.0
N969K,Conv_WT,-0.030772373,178.0
R190S,BTI_BA.4/5,-0.030499551,1.0
R190S,BTI_Delta,-0.030369263,3.0
S375F,Vac_Mod,-0.029822165,112.0
K529L,Boost_Mod,-0.029749604,63.0
N481T,Conv_Delta,-0.029067969,6.0
N481T,Bi-valent Boost,-0.028968543,6.0
R190S,Conv_Delta,-0.028612023,1.0
T20N,Bi-valent Boost,-0.028445078,1.0
R190S,Vac_Pfiz,-0.028177204,3.0
T1027I,BTI_Delta,-0.028146792,3.0
V445E,BTI_BA.4/5,-0.027960377,4.0
G142D,BTI_BA.1,-0.027437875,207.0
T1027I,Conv_Delta,-0.02739306,1.0
D138Y,BTI_Delta,-0.026866311,3.0
Q183E,Vac_Mod,-0.02685979,16.0
M153S,Bi-valent Boost,-0.026451431,14.0
N969K,Vac_Pfiz,-0.026328873,99.0
T1027I,Vac_Pfiz,-0.026315026,3.0
R408S,Vac_Pfiz,-0.025751851,98.0
D138Y,BTI_BA.4/5,-0.025595363,1.0
R190S,Boost_Mod,-0.025488434,3.0
D138Y,Vac_Pfiz,-0.025429191,3.0
T1027I,BTI_BA.2.12.1,-0.025409292,1.0
M153S,Conv_Delta,-0.025331154,14.0
R190S,BTI_BA.1,-0.02491654,3.0
T1027I,BTI_BA.1,-0.02489385,3.0
D138Y,BTI_BA.2.12.1,-0.024840882,1.0
G142D,Conv_WT,-0.0247993,181.0
N969K,Vac_Mod,-0.024616644,112.0
E484A,Boost_Pfiz,-0.024271926,128.0
T1027I,BTI_BA.4/5,-0.02420441,1.0
S371F,Vac_Pfiz,-0.024020342,98.0
G142D,Vac_Pfiz,-0.023845796,102.0
T1027I,Boost_Mod,-0.023454444,3.0
D138Y,BTI_BA.1,-0.023408676,3.0
D138Y,Conv_Delta,-0.023348281,1.0
D138Y,Boost_Mod,-0.023261568,3.0
R190S,Boost_Pfiz,-0.023251267,2.0
S371F,Vac_Mod,-0.022841303,110.0
T20N,Conv_Delta,-0.022125224,1.0
R190S,Conv_WT,-0.021986501,3.0
R408S,Vac_Mod,-0.021942597,110.0
T20N,BTI_BA.2.12.1,-0.021934051,1.0
N481T,Boost_Pfiz,-0.021884343,12.0
T20N,BTI_Delta,-0.021744149,3.0
R190S,Vac_Mod,-0.021415012,2.0
G142D,Conv_Delta,-0.021203713,69.0
D138Y,Boost_Pfiz,-0.021030752,2.0
T1027I,Boost_Pfiz,-0.0209748,2.0
E484A,Conv_WT,-0.020647101,178.0
N764K,Conv_WT,-0.020447431,178.0
N764K,Boost_Pfiz,-0.020306457,128.0
M153S,BTI_BA.1,-0.020056328,42.0
N481T,BTI_BA.1,-0.01970182,18.0
T20N,Vac_Pfiz,-0.019540217,3.0
T1027I,Conv_WT,-0.019432332,3.0
N856K,Boost_Mod,-0.01872492,3.0
D138Y,Vac_Mod,-0.018409183,2.0
E484A,Vac_Pfiz,-0.017810194,99.0
D138Y,Conv_WT,-0.017530927,3.0
Y145del,Bi-valent Boost,-0.01729376,1.0
T20N,Boost_Mod,-0.017206656,3.0
N856K,Bi-valent Boost,-0.016838096,1.0
T20N,BTI_BA.1,-0.016763745,3.0
G142D,Boost_Pfiz,-0.016758146,130.0
T1027I,Vac_Mod,-0.016588507,2.0
T20N,BTI_BA.4/5,-0.016458761,1.0
A67V,Boost_Mod,-0.01613646,3.0
G142D,Vac_Mod,-0.01590735,114.0
V445E,Boost_Pfiz,-0.015639983,6.0
E484A,Vac_Mod,-0.015374762,112.0
Q183E,BTI_BA.2.12.1,-0.015363024,17.0
N764K,Vac_Pfiz,-0.01535647,99.0
S371L,Bi-valent Boost,-0.015349261,1.0
V445E,BTI_BA.1,-0.015194551,12.0
N764K,Vac_Mod,-0.015044437,112.0
Y145del,Boost_Mod,-0.015035336,3.0
V445E,Vac_Mod,-0.014655232,4.0
A67V,Bi-valent Boost,-0.014157487,1.0
T20N,Boost_Pfiz,-0.013860734,2.0
Y145del,BTI_BA.2.12.1,-0.013052706,1.0
N481T,Vac_Pfiz,-0.012755284,9.0
M153S,Conv_WT,-0.012535045,40.0
N481T,Vac_Mod,-0.01223136,11.0
T20N,Conv_WT,-0.012197191,3.0
T20N,Vac_Mod,-0.012102763,2.0
A27S,Boost_Mod,-0.01187681,189.0
F486V,Bi-valent Boost,-0.011487289,13.0
A570D,Vac_Mod,-0.011425394,2.0
M153S,BTI_BA.4/5,-0.011394625,14.0
A570D,BTI_BA.2.12.1,-0.011106267,1.0
N481T,BTI_BA.2.12.1,-0.011072649,6.0
Rins214EPE,Bi-valent Boost,-0.010931912,1.0
N856K,BTI_BA.2.12.1,-0.010335405,1.0
S371L,Boost_Mod,-0.010101678,3.0
M153S,BTI_BA.2.12.1,-0.01001284,14.0
S371L,BTI_BA.2.12.1,-0.010004307,1.0
A67V,BTI_BA.2.12.1,-0.00957117,1.0
Rins214EPE,Boost_Mod,-0.008661274,3.0
A570D,Vac_Pfiz,-0.007743132,3.0
M153S,Boost_Pfiz,-0.0067821257,28.0
N481T,Boost_Mod,-0.006609192,18.0
K529L,BTI_BA.2.12.1,-0.006232849,21.0
N856K,BTI_Delta,-0.0059371446,3.0
D1118H,Vac_Mod,-0.00570367,2.0
Y145del,BTI_Delta,-0.005349618,3.0
H69del,Bi-valent Boost,-0.005287265,15.0
V445E,BTI_BA.2.12.1,-0.005181333,4.0
A570D,Boost_Pfiz,-0.0051082466,2.0
F486V,Conv_WT,-0.0050759325,39.0
Q498R,Bi-valent Boost,-0.004916881,66.0
N856K,Vac_Pfiz,-0.00440362,1.0
D1118H,BTI_BA.2.12.1,-0.0039067725,1.0
A570D,Conv_WT,-0.0037098075,3.0
Y145del,Vac_Pfiz,-0.0029576626,1.0
T716I,BTI_BA.2.12.1,-0.0029176797,1.0
V70del,Conv_WT,-0.0026201203,45.0
N856K,Vac_Mod,-0.0023596257,2.0
Y145del,Vac_Mod,-0.0019266914,2.0
Rins214EPE,BTI_BA.2.12.1,-0.0017699024,1.0
S371L,BTI_Delta,-0.0016889061,3.0
T716I,Vac_Mod,-0.0012809488,2.0
L212I,Bi-valent Boost,-0.0010996499,1.0
A570D,BTI_BA.1,-0.0010590164,3.0
N481T,BTI_BA.4/5,-0.0008606434,6.0
S371L,Vac_Pfiz,-0.0007848686,1.0
A570D,BTI_Delta,-0.0007242897,3.0
S371L,Vac_Mod,-0.0006639442,2.0
E156G,Conv_WT,-0.00065828685,3.0
A570D,BTI_BA.4/5,-0.00051946985,1.0
A67V,Vac_Mod,-0.0003033741,2.0
A570D,Bi-valent Boost,7.6013566e-05,1.0
A67V,BTI_Delta,0.00012298813,3.0
V445E,BTI_Delta,0.00047975863,12.0
V445E,Vac_Pfiz,0.0006323799,4.0
L981F,Boost_Mod,0.0008479358,3.0
D1118H,BTI_BA.1,0.0008963814,3.0
A27S,BTI_Delta,0.0010360519,189.0
V70del,Vac_Mod,0.001247023,30.0
L212I,Boost_Mod,0.0012631472,3.0
N856K,Conv_Delta,0.0013705055,1.0
Q498R,BTI_BA.4/5,0.0017045368,66.0
A67V,Vac_Pfiz,0.0017514015,1.0
A570D,Conv_Delta,0.0018201657,1.0
L212I,BTI_BA.2.12.1,0.001912167,1.0
N856K,Boost_Pfiz,0.00212989,2.0
Y145del,Conv_Delta,0.0022414327,1.0
Y145del,Boost_Pfiz,0.0023590368,2.0
G496S,Bi-valent Boost,0.0023802544,1.0
D1118H,Boost_Pfiz,0.0024742715,2.0
D1118H,Vac_Pfiz,0.0026153838,3.0
V143del,Boost_Mod,0.0028227589,3.0
G496S,Boost_Mod,0.0028839763,3.0
T95I,Boost_Mod,0.003041388,3.0
T716I,Boost_Pfiz,0.003131849,2.0
S371L,Boost_Pfiz,0.0032576988,2.0
D1118H,Conv_WT,0.003611573,3.0
Y145del,BTI_BA.1,0.003920644,3.0
G496S,BTI_BA.2.12.1,0.0043059723,1.0
V143del,Bi-valent Boost,0.004417883,1.0
L981F,Bi-valent Boost,0.0045910696,1.0
V70del,Boost_Pfiz,0.004608305,30.0
Q498R,BTI_BA.1,0.004751714,198.0
V445E,Conv_Delta,0.005048665,4.0
E156G,BTI_BA.4/5,0.0051297015,1.0
T95I,BTI_BA.2.12.1,0.0052271583,1.0
N856K,BTI_BA.1,0.005385835,3.0
S371L,BTI_BA.1,0.0056612673,3.0
E156G,Vac_Pfiz,0.0057349694,3.0
S371L,Conv_Delta,0.0057477937,1.0
T716I,Conv_WT,0.005936173,3.0
Rins214EPE,BTI_Delta,0.006017326,3.0
E156G,Boost_Pfiz,0.0061503667,2.0
N856K,BTI_BA.4/5,0.006185363,1.0
A67V,BTI_BA.1,0.006249908,3.0
E156G,Vac_Mod,0.0062695118,2.0
L24del,BTI_Delta,0.006574447,198.0
D1118H,Conv_Delta,0.0071735885,1.0
A67V,Boost_Pfiz,0.0071914047,2.0
Rins214EPE,Vac_Pfiz,0.007207158,1.0
D1118H,BTI_Delta,0.007361171,3.0
N211del,Bi-valent Boost,0.0073823794,1.0
T716I,Bi-valent Boost,0.007556128,1.0
Rins214EPE,Boost_Pfiz,0.0077783694,2.0
D1118H,Bi-valent Boost,0.0078131175,1.0
T95I,Bi-valent Boost,0.008021044,1.0
V70del,BTI_Delta,0.008226112,45.0
T716I,Conv_Delta,0.008275181,1.0
T716I,BTI_BA.1,0.00828833,3.0
M153S,Vac_Pfiz,0.008298119,21.0
M153S,Vac_Mod,0.008384967,26.0
Y145del,BTI_BA.4/5,0.008438512,1.0
Q498R,BTI_Delta,0.008515983,198.0
D1118H,BTI_BA.4/5,0.008581755,1.0
Rins214EPE,Vac_Mod,0.008728947,2.0
V143del,BTI_BA.2.12.1,0.008798348,1.0
T716I,BTI_BA.4/5,0.0088870255,1.0
V70del,BTI_BA.1,0.00898321,45.0
A67V,Conv_Delta,0.009065037,1.0
A570D,Boost_Mod,0.009083688,3.0
P681R,Conv_WT,0.00945005,3.0
S371L,BTI_BA.4/5,0.009991176,1.0
A67V,BTI_BA.4/5,0.010173427,1.0
T716I,Vac_Pfiz,0.01028484,3.0
L981F,BTI_BA.2.12.1,0.010510261,1.0
T716I,BTI_Delta,0.010624179,3.0
N211del,Boost_Mod,0.010680691,3.0
Rins214EPE,Conv_Delta,0.0109540345,1.0
S982A,Vac_Mod,0.011028469,2.0
T547K,Bi-valent Boost,0.011178094,1.0
S982A,BTI_BA.2.12.1,0.011698412,1.0
Rins214EPE,BTI_BA.1,0.0120459525,3.0
E156G,BTI_BA.1,0.012062503,3.0
L212I,BTI_Delta,0.012320329,3.0
Q498R,Conv_Delta,0.012350874,66.0
T547K,Boost_Mod,0.012372587,3.0
L24del,Boost_Mod,0.012691202,198.0
P681R,BTI_BA.4/5,0.012883024,1.0
N856K,Conv_WT,0.013528322,3.0
L212I,Boost_Pfiz,0.013597629,2.0
F486V,BTI_BA.1,0.013764888,39.0
Y145del,Conv_WT,0.013818793,3.0
Q498R,Boost_Pfiz,0.013983629,124.0
V143del,Vac_Pfiz,0.014059445,1.0
A67V,Conv_WT,0.014214609,3.0
N211del,BTI_BA.2.12.1,0.014511328,1.0
T95I,Vac_Mod,0.014558759,2.0
G496S,Vac_Mod,0.014737683,2.0
A27S,Bi-valent Boost,0.014789744,63.0
P681R,Boost_Pfiz,0.015230881,2.0
S371L,Conv_WT,0.015395688,3.0
V143del,BTI_Delta,0.015469326,3.0
T716I,Boost_Mod,0.015711626,3.0
L981F,Vac_Pfiz,0.015774582,1.0
V143del,Vac_Mod,0.015832637,2.0
F486V,Boost_Pfiz,0.01583338,26.0
G496S,BTI_Delta,0.015957741,3.0
L212I,Vac_Mod,0.015984708,2.0
T95I,BTI_Delta,0.016396888,3.0
L981F,BTI_Delta,0.016593987,3.0
V70del,Boost_Mod,0.01663036,45.0
V445E,Bi-valent Boost,0.01702793,4.0
P681R,Vac_Pfiz,0.017190022,3.0
D1118H,Boost_Mod,0.01727737,3.0
Rins214EPE,BTI_BA.4/5,0.017283445,1.0
S982A,Conv_WT,0.017651187,3.0
L212I,Vac_Pfiz,0.017865246,1.0
T547K,BTI_BA.2.12.1,0.018328292,1.0
L981F,Vac_Mod,0.018340085,2.0
S982A,BTI_BA.1,0.018354869,3.0
M153S,Boost_Mod,0.018466901,42.0
E156G,BTI_BA.2.12.1,0.01855418,1.0
S982A,Boost_Pfiz,0.018583141,2.0
Q498R,BTI_BA.2.12.1,0.018764379,66.0
T95I,Vac_Pfiz,0.018875351,1.0
L212I,BTI_BA.1,0.01919372,3.0
Q183E,Bi-valent Boost,0.019263376,17.0
T95I,Boost_Pfiz,0.019274531,2.0
G496S,Vac_Pfiz,0.019319467,1.0
S982A,Vac_Pfiz,0.019622793,3.0
L981F,Boost_Pfiz,0.019772641,2.0
F486V,BTI_Delta,0.019802893,39.0
P681R,Vac_Mod,0.019823011,2.0
D950N,Conv_WT,0.020299852,3.0
L212I,Conv_Delta,0.020785237,1.0
Q498R,Vac_Mod,0.021121303,108.0
S982A,BTI_Delta,0.021878084,3.0
T547K,Vac_Pfiz,0.021973602,1.0
S982A,Bi-valent Boost,0.022065558,1.0
F486V,Vac_Mod,0.022251336,26.0
S982A,BTI_BA.4/5,0.022268767,1.0
L981F,Conv_Delta,0.022307059,1.0
G496S,Conv_Delta,0.022309305,1.0
Rins214EPE,Conv_WT,0.02233747,3.0
N211del,Vac_Pfiz,0.02262133,1.0
V143del,Conv_Delta,0.023039686,1.0
G496S,BTI_BA.1,0.023242302,3.0
N211del,BTI_Delta,0.023280049,3.0
T547K,BTI_Delta,0.023528622,3.0
V143del,Boost_Pfiz,0.023856616,2.0
V143del,BTI_BA.1,0.023864528,3.0
V70del,BTI_BA.2.12.1,0.023937609,15.0
T95I,BTI_BA.1,0.024291338,3.0
N211del,Vac_Mod,0.024326606,2.0
G496S,Boost_Pfiz,0.024507063,2.0
L981F,BTI_BA.1,0.024976023,3.0
T547K,Vac_Mod,0.025116323,2.0
F157del,Conv_WT,0.02514129,3.0
S982A,Conv_Delta,0.02530544,1.0
P681R,BTI_BA.1,0.025332361,3.0
L212I,BTI_BA.4/5,0.025448734,1.0
T95I,Conv_Delta,0.025859347,1.0
F157del,Vac_Pfiz,0.025896728,3.0
L981F,BTI_BA.4/5,0.026428295,1.0
H69del,Conv_WT,0.026462043,45.0
D950N,Vac_Pfiz,0.02674379,3.0
V70del,Conv_Delta,0.026815107,15.0
V143del,BTI_BA.4/5,0.026968824,1.0
G496S,BTI_BA.4/5,0.02701375,1.0
E156G,BTI_Delta,0.027400373,3.0
T95I,BTI_BA.4/5,0.027420938,1.0
E156G,Conv_Delta,0.02746716,1.0
V70del,BTI_BA.4/5,0.027590796,15.0
F486V,Conv_Delta,0.027596587,13.0
N211del,Boost_Pfiz,0.027695734,2.0
N211del,Conv_Delta,0.028109591,1.0
D950N,BTI_BA.4/5,0.028180895,1.0
F486V,BTI_BA.4/5,0.028764224,13.0
T547K,BTI_BA.1,0.0291047,3.0
S982A,Boost_Mod,0.02928963,3.0
F157del,Boost_Pfiz,0.029351596,2.0
D950N,Vac_Mod,0.029767932,2.0
F157del,BTI_BA.4/5,0.029945353,1.0
H69del,Vac_Mod,0.02997068,30.0
T547K,Boost_Pfiz,0.029992001,2.0
N211del,BTI_BA.1,0.030992594,3.0
L212I,Conv_WT,0.03108451,3.0
H69del,Boost_Pfiz,0.031382475,30.0
D950N,Boost_Pfiz,0.031763643,2.0
A27S,BTI_BA.2.12.1,0.0317729,63.0
T547K,Conv_Delta,0.03222181,1.0
P681R,BTI_BA.2.12.1,0.03223504,1.0
T19I,BTI_Delta,0.032382097,192.0
F157del,Vac_Mod,0.03247956,2.0
D950N,BTI_BA.1,0.032720122,3.0
T547K,BTI_BA.4/5,0.033278238,1.0
E156G,Boost_Mod,0.03337844,3.0
F486V,Boost_Mod,0.03453938,39.0
H69del,BTI_Delta,0.035015445,45.0
P681R,Conv_Delta,0.03506726,1.0
L981F,Conv_WT,0.03508154,3.0
N211del,BTI_BA.4/5,0.035167668,1.0
Q498R,Vac_Pfiz,0.03518912,95.0
T95I,Conv_WT,0.03546509,3.0
H69del,BTI_BA.1,0.03662779,45.0
A27S,BTI_BA.4/5,0.03685254,63.0
V143del,Conv_WT,0.037039857,3.0
R158del,Vac_Pfiz,0.037233215,3.0
A27S,Conv_Delta,0.037388515,63.0
R158del,Conv_WT,0.037406173,3.0
Q498R,Conv_WT,0.037588652,172.0
G496S,Conv_WT,0.03763888,3.0
F157del,BTI_BA.1,0.03794028,3.0
R158del,BTI_BA.4/5,0.037991744,1.0
P681R,Boost_Mod,0.038485374,3.0
L24del,Conv_Delta,0.038581286,66.0
R158del,Boost_Pfiz,0.038926873,2.0
P681R,BTI_Delta,0.039368086,3.0
T19I,Bi-valent Boost,0.039387144,64.0
E156G,Bi-valent Boost,0.04021234,1.0
L24del,Bi-valent Boost,0.040212657,66.0
K529L,Bi-valent Boost,0.04070271,21.0
D950N,BTI_BA.2.12.1,0.04141959,1.0
A27S,BTI_BA.1,0.04198983,189.0
G252V,Conv_WT,0.042117026,4.0
N211del,Conv_WT,0.042334456,3.0
F157del,BTI_BA.2.12.1,0.0427874,1.0
G252V,BTI_BA.2.12.1,0.04294008,2.0
T547K,Conv_WT,0.043031685,3.0
V445E,Conv_WT,0.043302983,8.0
R158del,Vac_Mod,0.043666016,2.0
H69del,Boost_Mod,0.043896627,45.0
A27S,Boost_Pfiz,0.043910097,118.0
L24del,BTI_BA.1,0.045766193,198.0
G252V,Bi-valent Boost,0.045786526,2.0
A27S,Vac_Pfiz,0.046155807,93.0
T19I,BTI_BA.2.12.1,0.04638641,64.0
A27S,Vac_Mod,0.04660885,103.0
L24del,BTI_BA.4/5,0.046717346,66.0
P681R,Bi-valent Boost,0.047161058,1.0
G252V,Vac_Pfiz,0.04786327,2.0
R158del,BTI_BA.1,0.048574235,3.0
G252V,BTI_Delta,0.049329054,6.0
H69del,BTI_BA.2.12.1,0.049864355,15.0
A27S,Conv_WT,0.049934413,164.0
D950N,Conv_Delta,0.05034208,1.0
H69del,Conv_Delta,0.05102071,15.0
G252V,Boost_Pfiz,0.051264014,4.0
G252V,Conv_Delta,0.05128284,2.0
D950N,BTI_Delta,0.051504195,3.0
F157del,Conv_Delta,0.051557146,1.0
L24del,BTI_BA.2.12.1,0.051855396,66.0
F157del,BTI_Delta,0.051985625,3.0
D950N,Boost_Mod,0.052335143,3.0
F486V,BTI_BA.2.12.1,0.05243504,13.0
F157del,Boost_Mod,0.053163514,3.0
R158del,BTI_BA.2.12.1,0.053768806,1.0
L24del,Conv_WT,0.0540186,172.0
H69del,BTI_BA.4/5,0.05428099,15.0
G252V,BTI_BA.4/5,0.055010695,2.0
G252V,Boost_Mod,0.05699892,6.0
V213G,BTI_Delta,0.05764262,168.0
T19I,Boost_Mod,0.059024226,192.0
V213G,Bi-valent Boost,0.05935798,56.0
D950N,Bi-valent Boost,0.05938974,1.0
G252V,Vac_Mod,0.059432484,3.0
V70del,Vac_Pfiz,0.05966201,26.0
L24del,Boost_Pfiz,0.06034754,124.0
F157del,Bi-valent Boost,0.060969178,1.0
R158del,Conv_Delta,0.062618725,1.0
R158del,BTI_Delta,0.064641386,3.0
L24del,Vac_Mod,0.06749207,108.0
L24del,Vac_Pfiz,0.067701735,95.0
V213G,Conv_Delta,0.067766756,56.0
G252V,BTI_BA.1,0.068037815,6.0
R158del,Boost_Mod,0.06841154,3.0
R158del,Bi-valent Boost,0.073679544,1.0
T19I,BTI_BA.4/5,0.07733472,64.0
F486V,Vac_Pfiz,0.077383846,22.0
H69del,Vac_Pfiz,0.09364658,26.0
T19I,Boost_Pfiz,0.09609444,123.0
T19I,BTI_BA.1,0.096154876,192.0
V213G,Vac_Mod,0.0967144,100.0
V213G,BTI_BA.2.12.1,0.09738765,56.0
V213G,Conv_WT,0.10032403,155.0
T19I,Conv_Delta,0.10184493,64.0
V213G,BTI_BA.4/5,0.102535464,56.0
T19I,Conv_WT,0.10456039,169.0
V213G,Boost_Mod,0.10621343,168.0
T19I,Vac_Pfiz,0.10829067,95.0
V213G,BTI_BA.1,0.115692504,168.0
T19I,Vac_Mod,0.1212562,107.0
V213G,Boost_Pfiz,0.12563331,106.0
V213G,Vac_Pfiz,0.12749001,89.0
S704L,BTI_BA.2.12.1,0.15432054,14.0
T478K,Boost_Mod,0.16807655,210.0
S704L,Bi-valent Boost,0.16863659,14.0
T478K,BTI_Delta,0.17721726,210.0
S704L,BTI_Delta,0.1797805,42.0
S704L,Conv_WT,0.18323518,42.0
T478K,BTI_BA.2.12.1,0.183328,70.0
S704L,Conv_Delta,0.18771896,14.0
T478K,Bi-valent Boost,0.18844138,70.0
S704L,Boost_Mod,0.19059587,42.0
S704L,Vac_Pfiz,0.191967,33.0
T478K,BTI_BA.1,0.19361043,210.0
S704L,Vac_Mod,0.19478293,28.0
G339H,BTI_Delta,0.1961043,69.0
K417V,Bi-valent Boost,0.19671449,8.0
T478K,BTI_BA.4/5,0.19870782,70.0
T478K,Vac_Mod,0.2001413,116.0
T478K,Boost_Pfiz,0.20119032,132.0
T478K,Conv_WT,0.20148176,184.0
S704L,BTI_BA.4/5,0.20183769,14.0
S704L,BTI_BA.1,0.20350471,42.0
K417V,BTI_BA.2.12.1,0.2038239,8.0
T478K,Vac_Pfiz,0.20494021,105.0
T478K,Conv_Delta,0.20814767,70.0
G339H,BTI_BA.2.12.1,0.21228307,23.0
S704L,Boost_Pfiz,0.21492548,28.0
G339H,Vac_Pfiz,0.21882944,22.0
K417V,Vac_Mod,0.22542176,16.0
K417V,Vac_Pfiz,0.22718355,15.0
G339H,Boost_Mod,0.22865999,69.0
K417V,BTI_BA.4/5,0.22965081,8.0
K417V,Boost_Pfiz,0.23301889,16.0
K417V,Boost_Mod,0.23336667,24.0
K417V,Conv_WT,0.23470235,24.0
K417V,BTI_Delta,0.23782735,24.0
K417V,BTI_BA.1,0.24439414,24.0
G339H,BTI_BA.4/5,0.25095153,23.0
G339H,Bi-valent Boost,0.25247023,23.0
G339H,Boost_Pfiz,0.25958416,44.0
K417V,Conv_Delta,0.26084915,8.0
G339H,Conv_Delta,0.26276767,23.0
G339H,BTI_BA.1,0.2674327,69.0
G339H,Conv_WT,0.28709948,54.0
G339H,Vac_Mod,0.28854215,32.0
S155R,BTI_BA.1,0.38280675,30.0
S155R,Conv_Delta,0.4104661,10.0
S155R,BTI_BA.4/5,0.42132187,10.0
S155R,Vac_Mod,0.42677534,12.0
S155R,Conv_WT,0.42867956,22.0
S155R,Boost_Mod,0.42939726,30.0
S155R,Boost_Pfiz,0.43143365,13.0
S155R,Vac_Pfiz,0.43763408,12.0
S155R,BTI_Delta,0.46332443,30.0
S155R,Bi-valent Boost,0.50455105,10.0
S155R,BTI_BA.2.12.1,0.50750154,10.0
