Position	Mutation	ACE2 Binding	Expression
331	N331A	-0.03	-0.11
331	N331C	-0.09	-1.26
331	N331D	0.03	-0.44
331	N331E	0.0	-0.31
331	N331F	-0.1	-0.7
331	N331G	-0.04	-0.25
331	N331H	-0.02	-0.61
331	N331I	-0.07	-0.85
331	N331K	-0.01	-0.2
331	N331L	-0.05	-0.75
331	N331M	-0.02	-0.75
331	N331N	0.0	0.0
331	N331P	-0.03	-0.21
331	N331Q	0.01	-0.53
331	N331R	-0.02	-0.44
331	N331S	-0.03	-0.33
331	N331T	0.06	-0.34
331	N331V	-0.04	-0.61
331	N331W	-0.16	-1.12
331	N331Y	-0.06	-1.02
331	N331*		-4.63
332	I332A	0.0	0.0
332	I332C	-0.09	-0.12
332	I332D	-0.02	0.03
332	I332E	0.08	0.01
332	I332F	-0.22	-0.1
332	I332G	-0.08	0.14
332	I332H	0.04	0.05
332	I332I	0.0	0.0
332	I332K	-0.05	-0.06
332	I332L	0.0	-0.03
332	I332M	0.0	-0.02
332	I332N	0.0	0.05
332	I332P	0.06	-0.17
332	I332Q	-0.02	0.07
332	I332R	0.0	-0.04
332	I332S	-0.04	-0.03
332	I332T	-0.03	-0.04
332	I332V	0.0	0.02
332	I332W	-0.03	-0.33
332	I332Y	-0.03	-0.07
332	I332*		-4.62
333	T333A	-0.01	-0.37
333	T333C	-0.14	-0.93
333	T333D	-0.01	-0.27
333	T333E	-0.15	-0.31
333	T333F	-0.15	-0.89
333	T333G	-0.07	-0.41
333	T333H	-0.07	-0.29
333	T333I	-0.06	-1.03
333	T333K	-0.01	-0.2
333	T333L	-0.01	-0.55
333	T333M	-0.02	-0.47
333	T333N	-0.06	-0.35
333	T333P	0.03	-0.28
333	T333Q	0.02	-0.35
333	T333R	0.0	-0.54
333	T333S	-0.08	-0.04
333	T333T	0.0	0.0
333	T333V	-0.05	-0.56
333	T333W	-0.21	-0.63
333	T333Y	-0.07	-0.62
333	T333*		-4.61
334	N334A	-0.03	-0.12
334	N334C	-0.11	-0.57
334	N334D	0.07	-0.04
334	N334E	0.01	-0.05
334	N334F	-0.22	-0.97
334	N334G	-0.03	-0.21
334	N334H	-0.02	-0.12
334	N334I	-0.2	-0.67
334	N334K	-0.03	-0.02
334	N334L	-0.2	-0.72
334	N334M	-0.05	-0.4
334	N334N	0.0	0.0
334	N334P	-0.18	-0.55
334	N334Q	0.01	-0.08
334	N334R	0.0	-0.12
334	N334S	-0.06	-0.19
334	N334T	-0.04	-0.02
334	N334V	-0.07	-0.47
334	N334W	-0.24	-1.01
334	N334Y	-0.09	-0.61
334	N334*		-4.63
335	L335A	0.04	-0.01
335	L335C	-0.11	-0.38
335	L335D	0.0	-0.09
335	L335E	0.06	0.11
335	L335F	-0.03	-0.16
335	L335G	-0.08	-0.16
335	L335H	-0.03	-0.1
335	L335I	-0.02	-0.16
335	L335K	-0.03	0.02
335	L335L	0.0	0.0
335	L335M	0.01	-0.15
335	L335N	0.03	-0.08
335	L335P	0.06	0.09
335	L335Q	-0.02	-0.05
335	L335R	-0.01	-0.14
335	L335S	0.01	-0.08
335	L335T	0.02	-0.08
335	L335V	-0.08	-0.1
335	L335W	-0.05	-0.13
335	L335Y	-0.02	-0.12
335	L335*		-4.63
336	C336A	-0.69	-1.49
336	C336C	0.0	0.0
336	C336D	-0.48	-1.16
336	C336E	-0.61	-1.44
336	C336F	-0.57	-1.28
336	C336G	-0.65	-0.96
336	C336H	-0.71	-1.39
336	C336I	-0.75	-1.69
336	C336K	-0.93	-1.93
336	C336L	-0.81	-1.68
336	C336M	-0.75	-1.77
336	C336N	-0.51	-1.35
336	C336P	-0.93	-1.95
336	C336Q	-0.68	-1.67
336	C336R	-0.99	-2.17
336	C336S	-0.65	-1.38
336	C336T	-0.58	-1.31
336	C336V	-0.62	-1.51
336	C336W	-0.81	-1.68
336	C336Y	-0.7	-1.6
336	C336*		-4.64
337	P337A	-0.09	-0.31
337	P337C	-0.18	-0.49
337	P337D	0.06	0.29
337	P337E	-0.01	0.0
337	P337F	-0.45	-1.1
337	P337G	-0.15	-0.4
337	P337H	-0.09	-0.65
337	P337I	-0.54	-1.57
337	P337K	-0.05	-0.32
337	P337L	-0.27	-0.95
337	P337M	-0.19	-0.86
337	P337N	-0.03	0.28
337	P337P	0.0	0.0
337	P337Q	-0.21	-0.14
337	P337R	-0.14	-0.29
337	P337S	-0.1	-0.23
337	P337T	-0.13	-0.44
337	P337V	-0.4	-1.2
337	P337W	-0.4	-1.18
337	P337Y	-0.26	-1.12
337	P337*		-4.62
338	F338A	-0.97	-2.18
338	F338C	-0.95	-2.08
338	F338D	-1.11	-2.24
338	F338E	-1.04	-2.13
338	F338F	0.0	0.0
338	F338G	-1.08	-2.11
338	F338H	-0.97	-1.88
338	F338I	-0.15	-0.48
338	F338K	-1.49	-2.31
338	F338L	-0.03	0.06
338	F338M	-0.15	-0.59
338	F338N	-1.13	-2.3
338	F338P	-0.93	-2.24
338	F338Q	-1.04	-2.37
338	F338R	-1.66	-2.6
338	F338S	-1.03	-2.31
338	F338T	-0.93	-2.01
338	F338V	-0.55	-1.5
338	F338W	0.04	-0.06
338	F338Y	-0.05	-0.52
338	F338*		-4.6
339	G339A	0.0	0.01
339	G339C	-0.37	-1.23
339	G339D	0.06	0.3
339	G339E	-0.03	0.16
339	G339F	-0.11	-0.27
339	G339G	0.0	0.0
339	G339H	0.01	0.15
339	G339I	-0.21	-0.68
339	G339K	-0.11	-0.23
339	G339L	-0.22	-0.54
339	G339M	-0.15	-0.37
339	G339N	0.02	0.11
339	G339P	-0.14	-0.52
339	G339Q	-0.05	0.0
339	G339R	-0.1	-0.26
339	G339S	0.02	0.08
339	G339T	-0.05	-0.2
339	G339V	-0.18	-0.51
339	G339W	-0.09	-0.22
339	G339Y	-0.03	-0.17
339	G339*		-4.61
340	E340A	-0.09	-0.35
340	E340C	-0.44	-1.36
340	E340D	0.01	-0.11
340	E340E	0.0	0.0
340	E340F	-0.64	-1.77
340	E340G	-0.27	-0.76
340	E340H	-0.27	-1.09
340	E340I	-0.39	-1.1
340	E340K	-0.11	-0.56
340	E340L	-0.21	-0.87
340	E340M	-0.18	-0.74
340	E340N	-0.23	-0.77
340	E340P	-0.21	-0.81
340	E340Q	-0.05	-0.5
340	E340R	-0.28	-1.05
340	E340S	-0.1	-0.48
340	E340T	-0.18	-0.63
340	E340V	-0.26	-1.1
340	E340W	-0.63	-1.84
340	E340Y	-0.55	-1.71
340	E340*		-4.63
341	V341A	-0.86	-1.98
341	V341C	-0.88	-1.94
341	V341D	-0.94	-2.21
341	V341E	-0.97	-2.22
341	V341F	-0.51	-1.06
341	V341G	-1.06	-2.3
341	V341H	-0.99	-2.01
341	V341I	0.02	0.21
341	V341K	-1.67	-2.23
341	V341L	-0.15	-0.43
341	V341M	-0.52	-1.1
341	V341N	-1.02	-2.17
341	V341P	-0.93	-1.98
341	V341Q	-0.97	-1.99
341	V341R	-1.37	-2.22
341	V341S	-0.87	-2.18
341	V341T	-0.59	-1.5
341	V341V	0.0	0.0
341	V341W	-0.47	-1.18
341	V341Y	-0.65	-1.29
341	V341*		-4.02
342	F342A	-0.99	-2.24
342	F342C	-1.01	-2.27
342	F342D	-1.55	-2.54
342	F342E	-1.51	-2.59
342	F342F	0.0	0.0
342	F342G	-1.41	-2.36
342	F342H	-1.54	-2.32
342	F342I	-0.15	-0.78
342	F342K	-1.07	-2.23
342	F342L	-0.28	-0.84
342	F342M	-0.3	-0.99
342	F342N	-1.6	-2.39
342	F342P	-1.79	-2.47
342	F342Q	-1.35	-2.33
342	F342R	-1.22	-2.43
342	F342S	-1.34	-2.41
342	F342T	-0.78	-2.28
342	F342V	-0.38	-1.23
342	F342W	-0.73	-2.3
342	F342Y	-0.89	-2.21
342	F342*		-4.6
343	N343A	-0.38	-1.52
343	N343C	-0.76	-2.18
343	N343D	-0.37	-1.67
343	N343E	-0.25	-1.7
343	N343F	-0.45	-2.57
343	N343G	-0.2	-1.35
343	N343H	-0.31	-1.45
343	N343I	-0.96	-3.06
343	N343K	-0.31	-2.33
343	N343L	-0.58	-2.58
343	N343M	-0.49	-2.85
343	N343N	0.0	0.0
343	N343P	-1.47	-3.2
343	N343Q	-0.29	-1.4
343	N343R	-0.42	-2.55
343	N343S	-0.32	-2.58
343	N343T	-0.35	-2.46
343	N343V	-0.82	-3.11
343	N343W	-0.5	-2.94
343	N343Y	-0.46	-2.14
343	N343*		-4.65
344	A344A	0.0	0.0
344	A344C	-0.4	-1.54
344	A344D	-0.41	-1.48
344	A344E	-0.26	-0.94
344	A344F	-0.83	-2.39
344	A344G	-0.32	-1.31
344	A344H	-0.46	-1.41
344	A344I	-0.41	-1.38
344	A344K	-0.1	-0.57
344	A344L	-0.62	-1.87
344	A344M	-0.43	-1.18
344	A344N	-0.14	-0.65
344	A344P	-0.74	-2.98
344	A344Q	-0.1	-0.2
344	A344R	-0.17	-0.84
344	A344S	-0.14	-0.62
344	A344T	-0.37	-1.23
344	A344V	-0.46	-1.65
344	A344W	-0.92	-2.6
344	A344Y	-0.81	-2.12
344	A344*		-4.62
345	T345A	-0.12	-0.98
345	T345C	-0.64	-2.2
345	T345D	-0.12	-0.66
345	T345E	-0.09	-0.51
345	T345F	-0.58	-3.01
345	T345G	-0.35	-1.8
345	T345H	-0.26	-2.01
345	T345I	-0.42	-1.91
345	T345K	-0.07	-0.59
345	T345L	-0.25	-1.23
345	T345M	-0.37	-1.84
345	T345N	-0.21	-1.65
345	T345P	-0.06	-0.34
345	T345Q	-0.15	-1.91
345	T345R	-0.13	-1.0
345	T345S	-0.02	-0.16
345	T345T	0.0	0.0
345	T345V	-0.28	-1.31
345	T345W	-0.62	-2.7
345	T345Y	-0.48	-2.47
345	T345*		-4.59
346	R346A	-0.02	-0.27
346	R346C	-0.12	-0.45
346	R346D	0.01	-0.02
346	R346E	0.0	0.08
346	R346F	-0.02	-0.31
346	R346G	-0.11	-0.74
346	R346H	0.08	0.03
346	R346I	-0.01	-0.03
346	R346K	-0.01	0.12
346	R346L	-0.04	-0.36
346	R346M	-0.02	-0.28
346	R346N	0.03	0.15
346	R346P	-0.38	-1.34
346	R346Q	-0.01	-0.02
346	R346R	0.0	0.0
346	R346S	0.04	0.02
346	R346T	0.06	0.15
346	R346V	0.06	0.01
346	R346W	-0.06	-0.45
346	R346Y	0.07	-0.12
346	R346*		-4.62
347	F347A	-0.87	-2.11
347	F347C	-1.0	-2.62
347	F347D	-3.13	-1.66
347	F347E	-1.47	-2.35
347	F347F	0.0	0.0
347	F347G	-0.98	-1.93
347	F347H	-0.72	-0.87
347	F347I	-0.79	-2.15
347	F347K	-1.6	-2.15
347	F347L	-0.87	-2.24
347	F347M	-0.43	-1.48
347	F347N	-2.15	-0.6
347	F347P	-0.75	-1.97
347	F347Q	-1.04	-2.51
347	F347R	-1.17	-2.47
347	F347S	-0.89	-2.11
347	F347T	-1.08	-2.29
347	F347V	-0.72	-1.99
347	F347W	0.0	0.06
347	F347Y	-0.32	-1.39
347	F347*		-4.59
348	A348A	0.0	0.0
348	A348C	-0.26	-1.16
348	A348D	-0.07	-0.4
348	A348E	-0.13	-0.64
348	A348F	-0.29	-1.16
348	A348G	-0.1	-0.55
348	A348H	0.0	-0.28
348	A348I	-0.99	-2.4
348	A348K	-0.23	-0.76
348	A348L	-0.63	-1.75
348	A348M	-0.3	-1.23
348	A348N	0.0	-0.11
348	A348P	-0.06	0.4
348	A348Q	-0.12	-0.47
348	A348R	-0.24	-1.26
348	A348S	0.01	-0.17
348	A348T	-0.18	-1.19
348	A348V	-0.49	-1.5
348	A348W	-0.46	-1.49
348	A348Y	-0.1	-0.59
348	A348*		-4.62
349	S349A	-0.34	-1.13
349	S349C	-0.12	-2.03
349	S349D	-0.5	-1.14
349	S349E	-1.15	-2.13
349	S349F	-2.03	-2.5
349	S349G	-0.59	-2.08
349	S349H	-0.72	-0.61
349	S349I	-4.25	-2.69
349	S349K	-0.87	-2.06
349	S349L	-1.91	-2.58
349	S349M	-0.87	-1.95
349	S349N	-0.26	-0.59
349	S349P	-0.11	-0.38
349	S349Q	-0.83	-1.79
349	S349R	-0.96	-2.4
349	S349S	0.0	0.0
349	S349T	-0.76	-1.93
349	S349V	-1.92	-2.58
349	S349W	-1.9	-2.58
349	S349Y	-1.8	-2.48
349	S349*		-4.61
350	V350A	-0.4	-1.47
350	V350C	-1.48	-1.1
350	V350D	-4.8	-2.21
350	V350E	-4.59	-2.5
350	V350F	-4.84	-2.09
350	V350G	-1.9	-2.81
350	V350H	-4.8	-2.39
350	V350I	-0.23	-1.88
350	V350K	-4.8	-2.47
350	V350L	-1.69	-2.46
350	V350M	-3.54	-2.54
350	V350N	-2.44	-2.51
350	V350P	-0.22	-1.08
350	V350Q	-4.1	-2.57
350	V350R	-4.8	-2.59
350	V350S	-0.94	-2.24
350	V350T	-0.8	-2.31
350	V350V	0.0	0.0
350	V350W	-4.71	-2.6
350	V350Y	-4.14	-2.72
350	V350*		-3.09
351	Y351A	-0.87	-1.47
351	Y351C	-0.6	-2.01
351	Y351D	-2.72	-2.86
351	Y351E	-1.5	-2.12
351	Y351F	-0.08	-0.84
351	Y351G	-1.65	-2.23
351	Y351H	-0.27	-0.6
351	Y351I	-0.79	-1.85
351	Y351K	-2.5	-2.38
351	Y351L	-0.92	-2.24
351	Y351M	-0.58	-1.87
351	Y351N	-0.77	-2.48
351	Y351P	-0.81	-2.42
351	Y351Q	-1.01	-1.93
351	Y351R	-2.97	-2.64
351	Y351S	-0.71	-1.73
351	Y351T	-0.82	-1.4
351	Y351V	-0.29	-1.29
351	Y351W	-0.19	-0.65
351	Y351Y	0.0	0.0
351	Y351*		-4.6
352	A352A	0.0	0.0
352	A352C	-0.11	-0.57
352	A352D	-0.03	-0.45
352	A352E	-0.03	-0.2
352	A352F	-0.29	-1.1
352	A352G	-0.19	-0.98
352	A352H	-0.06	-0.42
352	A352I	-0.49	-1.96
352	A352K	-0.08	-0.41
352	A352L	-0.31	-1.25
352	A352M	-0.02	-0.94
352	A352N	-0.04	-0.4
352	A352P	-3.21	-2.42
352	A352Q	-0.03	-0.6
352	A352R	-0.05	-0.49
352	A352S	-0.06	-0.26
352	A352T	-0.27	-1.24
352	A352V	-0.52	-1.79
352	A352W	-0.44	-1.35
352	A352Y	-0.14	-0.79
352	A352*		-4.62
353	W353A	-1.34	-2.15
353	W353C	-1.22	-2.53
353	W353D	-2.39	-2.44
353	W353E	-1.83	-2.12
353	W353F	-0.08	-0.83
353	W353G	-2.17	-2.27
353	W353H	-0.95	-2.49
353	W353I	-2.65	-2.49
353	W353K	-2.46	-2.25
353	W353L	-2.15	-2.62
353	W353M	-1.68	-2.51
353	W353N	-2.68	-2.19
353	W353P	-0.62	-2.04
353	W353Q	-1.36	-2.42
353	W353R	-1.62	-2.52
353	W353S	-0.98	-2.02
353	W353T	-2.75	-2.13
353	W353V	-1.26	-2.47
353	W353W	0.0	0.0
353	W353Y	-0.28	-1.58
353	W353*		-4.62
354	N354A	-0.04	-0.45
354	N354C	-0.29	-1.0
354	N354D	-0.04	0.13
354	N354E	0.0	0.64
354	N354F	-0.57	-1.68
354	N354G	-0.06	-0.74
354	N354H	-0.07	-0.44
354	N354I	-0.39	-1.1
354	N354K	0.03	0.21
354	N354L	-0.56	-1.47
354	N354M	-0.23	-0.91
354	N354N	0.0	0.0
354	N354P	-0.9	-2.24
354	N354Q	0.0	0.52
354	N354R	0.05	0.14
354	N354S	0.04	0.17
354	N354T	0.02	0.02
354	N354V	-0.16	-0.58
354	N354W	-1.05	-1.66
354	N354Y	-0.38	-1.22
354	N354*		-4.38
355	R355A	-1.54	-2.47
355	R355C	-1.88	-1.4
355	R355D	-3.89	-1.91
355	R355E	-1.27	-2.13
355	R355F	-3.01	-2.56
355	R355G	-2.15	-2.24
355	R355H	-0.38	-1.46
355	R355I	-3.34	-2.53
355	R355K	-1.08	-2.21
355	R355L	-4.33	-2.45
355	R355M	-2.1	-2.58
355	R355N	-1.38	-2.24
355	R355P	-3.41	-2.17
355	R355Q	-0.85	-2.13
355	R355R	0.0	0.0
355	R355S	-0.68	-1.92
355	R355T	-0.64	-1.8
355	R355V	-2.38	-2.34
355	R355W	-1.98	-2.45
355	R355Y	-3.0	-2.62
355	R355*		-4.62
356	K356A	-0.14	-0.34
356	K356C	-0.2	-0.53
356	K356D	-0.39	-0.41
356	K356E	-0.21	-0.74
356	K356F	-0.15	-1.31
356	K356G	-0.9	-2.11
356	K356H	-0.14	-0.36
356	K356I	-0.04	-0.11
356	K356K	0.0	0.0
356	K356L	-0.07	-0.49
356	K356M	-0.02	-0.14
356	K356N	-0.28	-0.98
356	K356P	-4.2	-2.76
356	K356Q	-0.12	-0.13
356	K356R	0.03	0.21
356	K356S	-0.15	-0.49
356	K356T	0.04	0.14
356	K356V	0.01	0.04
356	K356W	-0.42	-1.41
356	K356Y	-0.12	-0.85
356	K356*		-4.59
357	R357A	-0.01	-0.16
357	R357C	-0.04	-0.48
357	R357D	-0.06	-0.47
357	R357E	0.01	-0.02
357	R357F	-0.14	-1.06
357	R357G	-0.42	-1.17
357	R357H	-0.08	0.04
357	R357I	-0.04	0.03
357	R357K	0.05	0.18
357	R357L	-0.06	-0.33
357	R357M	-0.07	-0.52
357	R357N	-0.03	0.04
357	R357P	-0.19	-0.63
357	R357Q	-0.05	0.01
357	R357R	0.0	0.0
357	R357S	-0.06	-0.25
357	R357T	-0.07	-0.02
357	R357V	0.01	0.01
357	R357W	-0.15	-0.82
357	R357Y	-0.06	-0.42
357	R357*		-4.6
358	I358A	-0.7	-1.44
358	I358C	-0.41	-0.91
358	I358D	-1.81	-2.13
358	I358E	-1.08	-1.95
358	I358F	0.1	0.72
358	I358G	-0.74	-1.75
358	I358H	-0.64	-1.06
358	I358I	0.0	0.0
358	I358K	-1.25	-2.22
358	I358L	0.0	0.14
358	I358M	-0.01	0.26
358	I358N	-0.91	-2.04
358	I358P	-2.18	-2.16
358	I358Q	-0.93	-2.05
358	I358R	-1.3	-2.15
358	I358S	-0.78	-1.86
358	I358T	-0.83	-1.97
358	I358V	-0.14	-0.59
358	I358W	0.07	0.41
358	I358Y	-0.01	0.1
358	I358*		-4.57
359	S359A	-0.02	0.04
359	S359C	-0.05	-0.23
359	S359D	-0.01	-0.11
359	S359E	-0.13	0.01
359	S359F	-0.08	-0.24
359	S359G	-0.08	-0.13
359	S359H	-0.01	0.12
359	S359I	-0.15	-0.58
359	S359K	-0.06	-0.09
359	S359L	-0.29	-1.03
359	S359M	-0.16	-0.17
359	S359N	0.04	-0.03
359	S359P	-0.16	-0.47
359	S359Q	0.08	0.05
359	S359R	-0.03	-0.08
359	S359S	0.0	0.0
359	S359T	-0.02	0.18
359	S359V	-0.07	-0.17
359	S359W	-0.1	-0.66
359	S359Y	-0.08	-0.21
359	S359*		-4.58
360	N360A	-0.23	-1.09
360	N360C	-0.27	-0.96
360	N360D	-0.03	0.28
360	N360E	-0.13	-0.33
360	N360F	-0.28	-0.29
360	N360G	-0.01	-0.03
360	N360H	-0.04	-0.06
360	N360I	-0.71	-1.83
360	N360K	-0.12	-0.47
360	N360L	-0.59	-1.02
360	N360M	-0.38	-0.98
360	N360N	0.0	0.0
360	N360P	-0.04	-1.33
360	N360Q	-0.18	-0.7
360	N360R	-0.19	-0.53
360	N360S	-0.16	-0.57
360	N360T	-0.35	-1.16
360	N360V	-0.75	-1.78
360	N360W	-0.25	-0.73
360	N360Y	-0.33	-1.23
360	N360*		-4.58
361	C361A	-0.59	-1.04
361	C361C	0.0	0.0
361	C361D	-0.86	-0.65
361	C361E	-0.58	-0.93
361	C361F	-0.59	-1.07
361	C361G	-0.72	-1.35
361	C361H	-0.69	-1.39
361	C361I	-0.66	-1.04
361	C361K	-0.62	-1.07
361	C361L	-0.7	-1.23
361	C361M	-0.67	-1.31
361	C361N	-0.59	-0.96
361	C361P	-0.38	-0.36
361	C361Q	-0.57	-1.01
361	C361R	-0.66	-1.37
361	C361S	-0.61	-1.1
361	C361T	-0.61	-1.08
361	C361V	-0.58	-1.1
361	C361W	-0.7	-1.22
361	C361Y	-0.64	-1.71
361	C361*		-4.52
362	V362A	-0.09	-0.41
362	V362C	-0.09	-0.11
362	V362D	-0.18	-0.31
362	V362E	-0.05	-0.14
362	V362F	-0.01	-0.03
362	V362G	-0.21	-0.7
362	V362H	-0.05	-0.02
362	V362I	0.04	-0.12
362	V362K	-0.02	0.07
362	V362L	-0.03	-0.12
362	V362M	0.03	-0.18
362	V362N	-0.1	-0.26
362	V362P	-0.51	-1.08
362	V362Q	-0.03	0.05
362	V362R	0.0	-0.03
362	V362S	-0.1	0.1
362	V362T	0.08	0.33
362	V362V	0.0	0.0
362	V362W	0.0	0.03
362	V362Y	0.0	0.26
362	V362*		-4.57
363	A363A	0.0	0.0
363	A363C	-0.09	-0.23
363	A363D	-0.66	-3.22
363	A363E	-0.47	-1.38
363	A363F	-0.12	-0.22
363	A363G	-0.13	-0.37
363	A363H	-0.21	-0.86
363	A363I	-0.25	-0.96
363	A363K	-0.54	-1.6
363	A363L	-0.06	-0.32
363	A363M	-0.14	-0.43
363	A363N	-0.43	-2.44
363	A363P	-0.15	-0.45
363	A363Q	-0.02	-0.34
363	A363R	-0.56	-1.49
363	A363S	-0.19	-0.89
363	A363T	-0.18	-0.89
363	A363V	-0.13	-0.41
363	A363W	0.06	0.25
363	A363Y	-0.17	-0.49
363	A363*		-4.6
364	D364A	-0.62	-1.71
364	D364C	-0.46	-1.04
364	D364D	0.0	0.0
364	D364E	-0.3	-1.2
364	D364F	-0.77	-3.02
364	D364G	-0.62	-1.75
364	D364H	-0.5	-2.68
364	D364I	-0.69	-3.18
364	D364K	-0.45	-1.35
364	D364L	-0.91	-2.77
364	D364M	-0.82	-4.07
364	D364N	-0.22	-1.42
364	D364P	-0.57	-2.54
364	D364Q	-0.46	-1.51
364	D364R	-0.58	-1.71
364	D364S	-0.39	-1.67
364	D364T	-0.57	-3.08
364	D364V	-0.64	-2.06
364	D364W	-0.62	-1.43
364	D364Y	-0.55	-2.67
364	D364*		-4.54
365	Y365A	-0.29	-0.57
365	Y365C	-0.45	-0.9
365	Y365D	-0.68	-1.63
365	Y365E	-0.61	-1.37
365	Y365F	0.0	0.48
365	Y365G	-0.37	-0.98
365	Y365H	-0.55	-1.5
365	Y365I	-0.05	0.03
365	Y365K	-0.6	-1.5
365	Y365L	0.0	0.3
365	Y365M	0.03	0.1
365	Y365N	-0.55	-1.56
365	Y365P	-0.38	-1.0
365	Y365Q	-0.6	-1.36
365	Y365R	-0.61	-1.5
365	Y365S	-0.42	-1.09
365	Y365T	-0.33	-0.93
365	Y365V	-0.11	0.01
365	Y365W	-0.01	0.99
365	Y365Y	0.0	0.0
365	Y365*		-4.58
366	S366A	-0.03	0.12
366	S366C	-0.38	-1.1
366	S366D	0.05	0.22
366	S366E	0.02	0.12
366	S366F	-0.23	-0.63
366	S366G	0.0	-0.11
366	S366H	0.03	-0.53
366	S366I	-0.09	-0.41
366	S366K	0.0	-0.04
366	S366L	-0.08	-0.21
366	S366M	-0.02	-0.18
366	S366N	0.08	0.05
366	S366P	-0.43	-0.87
366	S366Q	0.01	0.03
366	S366R	-0.01	-0.1
366	S366S	0.0	0.0
366	S366T	-0.01	0.04
366	S366V	-0.05	-0.21
366	S366W	-0.12	-0.39
366	S366Y	-0.23	-1.29
366	S366*		-4.59
367	V367A	0.11	0.46
367	V367C	-0.09	-0.22
367	V367D	-0.05	0.11
367	V367E	0.02	0.31
367	V367F	0.07	0.74
367	V367G	-0.04	0.03
367	V367H	0.02	0.08
367	V367I	-0.03	0.12
367	V367K	0.05	0.27
367	V367L	0.02	0.15
367	V367M	0.04	0.21
367	V367N	0.02	0.08
367	V367P	-0.02	-0.07
367	V367Q	0.02	0.28
367	V367R	-0.04	0.1
367	V367S	0.02	0.3
367	V367T	-0.01	0.19
367	V367V	0.0	0.0
367	V367W	0.14	0.28
367	V367Y	-0.02	0.01
367	V367*		-4.6
368	L368A	-0.83	-1.77
368	L368C	-0.97	-1.87
368	L368D	-0.93	-1.69
368	L368E	-0.99	-2.22
368	L368F	-0.05	-0.22
368	L368G	-1.03	-1.04
368	L368H	-0.96	-1.98
368	L368I	-0.04	-0.17
368	L368K	-1.02	-1.91
368	L368L	0.0	0.0
368	L368M	-0.16	-0.73
368	L368N	-0.99	-1.95
368	L368P	-0.96	-1.83
368	L368Q	-0.9	-1.99
368	L368R	-1.01	-2.12
368	L368S	-0.99	-2.03
368	L368T	-0.9	-2.01
368	L368V	-0.24	-0.78
368	L368W	-0.4	-1.05
368	L368Y	-0.48	-1.01
368	L368*		-4.59
369	Y369A	-0.01	0.14
369	Y369C	-0.1	-0.37
369	Y369D	-0.17	-0.52
369	Y369E	-0.11	0.12
369	Y369F	-0.08	0.2
369	Y369G	-0.09	-0.23
369	Y369H	-0.07	-0.04
369	Y369I	0.04	0.12
369	Y369K	-0.04	0.07
369	Y369L	0.05	0.31
369	Y369M	0.06	0.36
369	Y369N	-0.09	0.09
369	Y369P	-0.17	-0.37
369	Y369Q	0.01	0.11
369	Y369R	-0.03	0.02
369	Y369S	-0.03	0.05
369	Y369T	0.02	0.18
369	Y369V	0.0	0.21
369	Y369W	-0.05	0.08
369	Y369Y	0.0	0.0
369	Y369*		-4.58
370	N370A	-0.1	-0.25
370	N370C	-0.48	-1.28
370	N370D	-0.04	-0.15
370	N370E	0.0	-0.19
370	N370F	-0.23	-1.08
370	N370G	-0.04	-0.01
370	N370H	-0.03	-0.13
370	N370I	-0.58	-1.76
370	N370K	-0.04	-0.04
370	N370L	-0.17	-0.73
370	N370M	-0.12	-0.63
370	N370N	0.0	0.0
370	N370P	-0.12	-0.37
370	N370Q	0.02	-0.29
370	N370R	-0.05	-0.16
370	N370S	-0.02	-0.17
370	N370T	-0.02	-0.48
370	N370V	-0.45	-1.69
370	N370W	-0.27	-1.06
370	N370Y	-0.14	-0.81
370	N370*		-4.55
371	S371A	-0.09	-0.39
371	S371C	-0.26	-0.47
371	S371D	0.01	-0.09
371	S371E	-0.05	-0.35
371	S371F	-0.19	-0.72
371	S371G	-0.1	-0.54
371	S371H	-0.12	-0.42
371	S371I	-0.17	-0.79
371	S371K	-0.13	-0.86
371	S371L	-0.14	-0.61
371	S371M	-0.14	-0.36
371	S371N	-0.05	-0.26
371	S371P	-0.16	-0.9
371	S371Q	-0.1	-0.29
371	S371R	-0.11	-0.34
371	S371S	0.0	0.0
371	S371T	-0.03	-0.15
371	S371V	-0.18	-0.67
371	S371W	-0.11	-0.55
371	S371Y	-0.12	-0.39
371	S371*		-4.58
372	A372A	0.0	0.0
372	A372C	-0.18	-1.01
372	A372D	-0.1	-0.28
372	A372E	0.01	0.08
372	A372F	-0.09	-0.51
372	A372G	0.0	-0.01
372	A372H	-0.13	-0.38
372	A372I	-0.13	-0.69
372	A372K	-0.05	0.25
372	A372L	-0.17	-0.66
372	A372M	-0.04	-0.1
372	A372N	-0.2	-0.9
372	A372P	-0.14	-0.22
372	A372Q	-0.08	0.2
372	A372R	0.03	0.05
372	A372S	-0.19	-0.45
372	A372T	-0.16	-0.28
372	A372V	-0.12	-0.49
372	A372W	-0.1	-0.52
372	A372Y	-0.18	-0.87
372	A372*		-4.59
373	S373A	-0.03	0.01
373	S373C	-0.07	-0.24
373	S373D	-0.04	-0.12
373	S373E	-0.01	0.09
373	S373F	-0.02	-0.25
373	S373G	-0.01	-0.21
373	S373H	-0.01	0.03
373	S373I	-0.02	-0.02
373	S373K	-0.04	0.35
373	S373L	-0.02	-0.03
373	S373M	0.01	-0.06
373	S373N	-1.06	0.48
373	S373P	-0.08	-0.22
373	S373Q	0.05	0.12
373	S373R	-0.01	0.05
373	S373S	0.0	0.0
373	S373T	0.0	0.05
373	S373V	-0.07	-0.18
373	S373W	-0.04	-0.18
373	S373Y	-0.01	-0.06
373	S373*		-4.61
374	F374A	-0.29	-0.98
374	F374C	-0.61	-1.43
374	F374D	-0.24	-0.55
374	F374E	-0.32	-1.24
374	F374F	0.0	0.0
374	F374G	-0.24	-1.13
374	F374H	-0.24	-0.6
374	F374I	-0.15	-0.48
374	F374K	-0.28	-1.24
374	F374L	-0.25	-0.77
374	F374M	-0.22	-0.89
374	F374N	-0.92	-0.32
374	F374P	-0.33	-1.14
374	F374Q	-0.32	-0.87
374	F374R	-0.36	-1.36
374	F374S	-0.35	-1.1
374	F374T	-0.32	-0.87
374	F374V	-0.32	-0.85
374	F374W	-0.02	0.06
374	F374Y	-0.06	-0.12
374	F374*		-4.6
375	S375A	-0.13	-0.38
375	S375C	-0.5	-1.05
375	S375D	-0.04	-0.08
375	S375E	-0.11	-0.03
375	S375F	-0.55	-1.81
375	S375G	-0.2	-0.82
375	S375H	-0.13	-0.34
375	S375I	-0.69	-1.99
375	S375K	-0.23	-0.98
375	S375L	-0.6	-1.62
375	S375M	-0.44	-1.24
375	S375N	-0.13	-0.7
375	S375P	-0.4	-1.1
375	S375Q	-0.03	-0.36
375	S375R	-0.37	-1.15
375	S375S	0.0	0.0
375	S375T	-0.06	-0.24
375	S375V	-0.55	-1.62
375	S375W	-0.53	-1.56
375	S375Y	-0.29	-1.07
375	S375*		-4.57
376	T376A	-0.26	-1.1
376	T376C	-0.25	-0.84
376	T376D	-0.98	-0.84
376	T376E	-0.13	-0.52
376	T376F	-0.12	-0.57
376	T376G	-0.61	-1.76
376	T376H	-0.02	0.06
376	T376I	-0.07	-0.3
376	T376K	-0.08	-0.61
376	T376L	-0.04	-0.18
376	T376M	-0.06	-0.15
376	T376N	-0.19	-0.7
376	T376P	-1.01	-2.63
376	T376Q	-0.01	-0.04
376	T376R	-0.12	-1.04
376	T376S	-0.07	-0.22
376	T376T	0.0	0.0
376	T376V	-0.06	-0.21
376	T376W	-0.09	-0.37
376	T376Y	-0.09	-0.04
376	T376*		-4.51
377	F377A	-0.59	-2.17
377	F377C	-0.4	-1.24
377	F377D	-4.01	-2.75
377	F377E	-2.12	-3.19
377	F377F	0.0	0.0
377	F377G	-1.87	-2.93
377	F377H	-0.62	-2.62
377	F377I	-0.16	-0.57
377	F377K	-0.71	-2.42
377	F377L	-0.2	-0.8
377	F377M	-0.7	-0.58
377	F377N	-0.84	-2.42
377	F377P	-0.81	-2.18
377	F377Q	-1.37	-2.96
377	F377R	-0.64	-2.92
377	F377S	-0.83	-2.28
377	F377T	-0.44	-1.61
377	F377V	-0.15	-0.4
377	F377W	-0.07	-0.5
377	F377Y	-0.24	-1.37
377	F377*		-4.61
378	K378A	-0.1	-0.41
378	K378C	-0.14	-0.71
378	K378D	-0.03	-0.29
378	K378E	-0.04	-0.09
378	K378F	-0.5	-1.57
378	K378G	-0.89	-2.48
378	K378H	-0.17	-0.68
378	K378I	-0.11	-0.35
378	K378K	0.0	0.0
378	K378L	-0.06	-0.51
378	K378M	-0.13	-0.65
378	K378N	-0.02	-0.26
378	K378P	-4.02	-2.77
378	K378Q	-0.01	-0.11
378	K378R	0.08	0.16
378	K378S	-0.11	-0.52
378	K378T	-0.16	-0.51
378	K378V	-0.09	-0.42
378	K378W	-0.6	-1.96
378	K378Y	-0.42	-1.31
378	K378*		-4.53
379	C379A	-1.44	-3.03
379	C379C	0.0	0.0
379	C379D	-4.79	-2.87
379	C379E	-4.06	-3.02
379	C379F	-0.65	-2.56
379	C379G	-4.51	-2.96
379	C379H	-2.5	-2.96
379	C379I	-1.24	-2.81
379	C379K	-4.7	-3.02
379	C379L	-0.97	-2.61
379	C379M	-0.97	-2.85
379	C379N	-3.32	-2.95
379	C379P	-3.66	-2.87
379	C379Q	-2.98	-2.85
379	C379R	-4.12	-2.97
379	C379S	-1.61	-2.94
379	C379T	-0.9	-2.93
379	C379V	-0.84	-2.56
379	C379W	-0.46	-1.85
379	C379Y	-1.05	-2.95
379	C379*		-4.56
380	Y380A	-1.9	-2.81
380	Y380C	-1.37	-2.64
380	Y380D	-3.05	-2.84
380	Y380E	-1.8	-2.88
380	Y380F	-0.04	-0.45
380	Y380G	-4.12	-2.78
380	Y380H	-0.53	-1.86
380	Y380I	-0.73	-2.27
380	Y380K	-1.53	-2.79
380	Y380L	-1.53	-2.69
380	Y380M	-1.07	-2.74
380	Y380N	-1.49	-2.8
380	Y380P	-4.8	-2.81
380	Y380Q	-1.42	-2.61
380	Y380R	-1.34	-2.84
380	Y380S	-1.17	-2.65
380	Y380T	-0.77	-2.46
380	Y380V	-0.95	-2.57
380	Y380W	-0.08	-0.24
380	Y380Y	0.0	0.0
380	Y380*		-4.57
381	G381A	-0.52	-1.65
381	G381C	-0.7	-1.99
381	G381D	-0.55	-1.82
381	G381E	-0.54	-1.97
381	G381F	-0.81	-2.32
381	G381G	0.0	0.0
381	G381H	-0.15	-0.77
381	G381I	-0.86	-2.34
381	G381K	-0.07	-0.45
381	G381L	-0.65	-2.04
381	G381M	-0.58	-1.78
381	G381N	-0.02	-0.03
381	G381P	-0.97	-2.39
381	G381Q	-0.12	-0.85
381	G381R	-0.03	-0.23
381	G381S	-0.27	-1.0
381	G381T	-0.53	-1.76
381	G381V	-0.7	-2.09
381	G381W	-0.87	-2.38
381	G381Y	-0.79	-2.35
381	G381*		-4.55
382	V382A	-0.26	-1.39
382	V382C	-0.06	-0.44
382	V382D	-0.62	-2.28
382	V382E	-0.52	-1.79
382	V382F	-0.01	-0.11
382	V382G	-0.68	-2.29
382	V382H	-0.32	-1.73
382	V382I	0.0	-0.07
382	V382K	-0.52	-2.0
382	V382L	-0.05	-0.25
382	V382M	-0.14	-0.48
382	V382N	-0.56	-2.03
382	V382P	-0.42	-1.8
382	V382Q	-0.56	-2.09
382	V382R	-0.86	-2.21
382	V382S	-0.55	-1.92
382	V382T	-0.11	-0.9
382	V382V	0.0	0.0
382	V382W	-0.35	-1.39
382	V382Y	-0.14	-0.82
382	V382*		-4.37
383	S383A	-0.01	-0.11
383	S383C	-0.14	-0.39
383	S383D	0.02	0.36
383	S383E	0.09	0.19
383	S383F	-0.14	-1.06
383	S383G	-0.13	-1.03
383	S383H	-0.08	-0.09
383	S383I	0.05	-0.16
383	S383K	0.01	-0.09
383	S383L	-0.07	-0.23
383	S383M	-0.04	-0.47
383	S383N	0.0	0.22
383	S383P	-0.08	-0.31
383	S383Q	-0.05	0.07
383	S383R	-0.06	-0.58
383	S383S	0.0	0.0
383	S383T	0.06	-0.06
383	S383V	-0.01	-0.07
383	S383W	-0.2	-1.14
383	S383Y	-0.07	-0.91
383	S383*		-4.35
384	P384A	0.01	0.03
384	P384C	-0.16	-1.47
384	P384D	-0.14	-1.48
384	P384E	-0.02	-0.1
384	P384F	0.02	-0.43
384	P384G	-0.17	-0.6
384	P384H	-0.03	-0.29
384	P384I	0.02	-0.07
384	P384K	0.04	0.18
384	P384L	0.01	-0.03
384	P384M	-0.02	0.06
384	P384N	-0.18	-0.55
384	P384P	0.0	0.0
384	P384Q	0.03	-0.1
384	P384R	0.03	-0.02
384	P384S	-0.09	-0.38
384	P384T	-0.05	-0.35
384	P384V	0.03	-0.11
384	P384W	0.03	-0.11
384	P384Y	-0.06	-0.39
384	P384*		-4.56
385	T385A	0.0	-0.03
385	T385C	-0.26	-0.43
385	T385D	-0.01	0.21
385	T385E	0.06	0.28
385	T385F	-0.01	-0.15
385	T385G	-0.02	-0.09
385	T385H	0.01	-0.02
385	T385I	-0.04	-0.27
385	T385K	-0.04	0.07
385	T385L	-0.01	-0.05
385	T385M	0.01	-0.08
385	T385N	0.01	0.03
385	T385P	-0.04	-0.6
385	T385Q	0.03	0.03
385	T385R	0.19	-0.02
385	T385S	-0.01	0.0
385	T385T	0.0	0.0
385	T385V	-0.04	-0.4
385	T385W	-0.03	-0.21
385	T385Y	0.0	-0.02
385	T385*		-4.54
386	K386A	-0.03	0.05
386	K386C	-0.18	-0.43
386	K386D	-0.06	0.15
386	K386E	0.02	0.18
386	K386F	-0.22	-1.06
386	K386G	-0.06	-0.21
386	K386H	0.01	-0.12
386	K386I	-0.08	-0.43
386	K386K	0.0	0.0
386	K386L	-0.07	-0.4
386	K386M	-0.05	-0.14
386	K386N	0.04	-0.13
386	K386P	-0.54	-1.77
386	K386Q	0.01	0.09
386	K386R	-0.06	-0.13
386	K386S	0.04	-0.04
386	K386T	-0.01	-0.1
386	K386V	-0.08	-0.44
386	K386W	-0.42	-1.5
386	K386Y	-0.13	-0.75
386	K386*		-4.57
387	L387A	-0.51	-1.85
387	L387C	-0.64	-1.77
387	L387D	-0.54	-1.83
387	L387E	-0.52	-1.79
387	L387F	-0.31	-1.11
387	L387G	-0.56	-1.88
387	L387H	-0.66	-1.94
387	L387I	-0.17	-0.58
387	L387K	-0.66	-1.95
387	L387L	0.0	0.0
387	L387M	-0.13	-0.83
387	L387N	-0.58	-1.92
387	L387P	-0.64	-1.91
387	L387Q	-0.53	-1.55
387	L387R	-0.7	-2.06
387	L387S	-0.59	-1.84
387	L387T	-0.56	-1.8
387	L387V	-0.43	-1.4
387	L387W	-0.26	-1.33
387	L387Y	-0.57	-1.99
387	L387*		-4.57
388	N388A	-0.07	-0.38
388	N388C	-0.33	-1.17
388	N388D	0.03	-0.12
388	N388E	-0.09	-0.37
388	N388F	-0.38	-1.27
388	N388G	-0.06	-0.43
388	N388H	-0.09	-0.28
388	N388I	-0.29	-1.05
388	N388K	-0.14	-0.26
388	N388L	-0.27	-0.94
388	N388M	-0.07	-0.51
388	N388N	0.0	0.0
388	N388P	-0.04	-0.15
388	N388Q	-0.05	-0.18
388	N388R	-0.07	-0.49
388	N388S	-0.08	-0.27
388	N388T	-0.14	-0.52
388	N388V	-0.16	-0.81
388	N388W	-0.34	-1.33
388	N388Y	-0.32	-1.27
388	N388*		-4.39
389	D389A	-0.1	-0.54
389	D389C	-0.16	-0.7
389	D389D	0.0	0.0
389	D389E	0.03	0.11
389	D389F	-0.12	-0.69
389	D389G	-0.05	-0.33
389	D389H	-0.03	-0.17
389	D389I	-0.4	-1.7
389	D389K	-0.07	-0.32
389	D389L	-0.2	-1.0
389	D389M	-0.15	-0.61
389	D389N	-0.05	-0.21
389	D389P	-0.46	-1.32
389	D389Q	-0.02	-0.04
389	D389R	-0.08	-0.35
389	D389S	0.04	-0.07
389	D389T	-0.02	-0.12
389	D389V	-0.29	-1.18
389	D389W	-0.25	-0.77
389	D389Y	-0.04	-0.5
389	D389*		-4.58
390	L390A	-0.05	-0.4
390	L390C	-0.07	-0.43
390	L390D	-0.27	-1.0
390	L390E	-0.04	-0.54
390	L390F	-0.04	-0.36
390	L390G	-0.09	-0.55
390	L390H	-0.06	-0.29
390	L390I	-0.06	-0.32
390	L390K	-0.06	-0.5
390	L390L	0.0	0.0
390	L390M	0.02	0.03
390	L390N	-0.09	-0.58
390	L390P	-0.43	-1.25
390	L390Q	-0.07	-0.16
390	L390R	-0.08	-0.59
390	L390S	-0.12	-0.41
390	L390T	-0.12	-0.33
390	L390V	-0.1	-0.42
390	L390W	-0.16	-0.8
390	L390Y	0.01	0.2
390	L390*		-4.6
391	C391A	-0.08	-0.12
391	C391C	0.0	0.0
391	C391D	-0.12	-0.16
391	C391E	-0.07	-0.01
391	C391F	-0.16	-0.56
391	C391G	-0.15	-0.57
391	C391H	-0.05	-0.14
391	C391I	-0.13	-0.3
391	C391K	-0.06	-0.03
391	C391L	-0.12	-0.39
391	C391M	-0.12	-0.32
391	C391N	-0.07	0.2
391	C391P	-0.07	-0.28
391	C391Q	-0.02	-0.01
391	C391R	-0.07	-0.07
391	C391S	-0.09	-0.15
391	C391T	-0.08	-0.14
391	C391V	-0.09	-0.13
391	C391W	-0.17	-0.59
391	C391Y	-0.13	-0.47
391	C391*		-4.56
392	F392A	-0.02	0.02
392	F392C	-0.04	-0.15
392	F392D	-0.32	-1.42
392	F392E	-0.36	-1.48
392	F392F	0.0	0.0
392	F392G	-0.27	-1.01
392	F392H	-0.11	-0.72
392	F392I	-0.05	-0.07
392	F392K	-0.34	-1.34
392	F392L	-0.08	-0.23
392	F392M	-0.08	-0.12
392	F392N	-0.21	-0.97
392	F392P	-0.03	-0.34
392	F392Q	-0.23	-1.07
392	F392R	-0.4	-1.39
392	F392S	-0.11	-0.51
392	F392T	-0.01	-0.13
392	F392V	0.0	0.01
392	F392W	0.02	0.26
392	F392Y	0.02	-0.04
392	F392*		-4.58
393	T393A	0.03	-0.11
393	T393C	-0.14	-0.66
393	T393D	-0.06	-0.27
393	T393E	-0.02	-0.28
393	T393F	-0.21	-1.27
393	T393G	-0.11	-0.31
393	T393H	-0.07	-0.3
393	T393I	-0.09	-0.47
393	T393K	-0.03	-0.01
393	T393L	-0.13	-0.56
393	T393M	-0.14	-0.75
393	T393N	-0.03	-0.16
393	T393P	-0.16	-1.37
393	T393Q	-0.05	-0.08
393	T393R	-0.05	-0.18
393	T393S	0.0	-0.05
393	T393T	0.0	0.0
393	T393V	-0.08	-0.28
393	T393W	-0.37	-1.49
393	T393Y	-0.09	-0.43
393	T393*		-4.56
394	N394A	0.01	-0.01
394	N394C	-0.1	-0.17
394	N394D	-0.08	-0.4
394	N394E	-0.02	-0.06
394	N394F	-0.07	-0.26
394	N394G	-0.08	-0.42
394	N394H	0.0	-0.02
394	N394I	-0.13	-0.43
394	N394K	-0.1	-0.37
394	N394L	-0.12	-0.48
394	N394M	-0.05	-0.37
394	N394N	0.0	0.0
394	N394P	-0.08	-0.48
394	N394Q	-0.06	-0.29
394	N394R	-0.08	-0.42
394	N394S	0.01	-0.07
394	N394T	-0.04	0.03
394	N394V	-0.06	-0.17
394	N394W	-0.08	-0.42
394	N394Y	-0.02	-0.12
394	N394*		-4.58
395	V395A	-0.16	-0.35
395	V395C	-0.03	-0.23
395	V395D	-3.52	-2.54
395	V395E	-1.02	-2.55
395	V395F	-0.19	-1.09
395	V395G	-0.18	-0.56
395	V395H	-0.59	-2.45
395	V395I	0.0	0.06
395	V395K	-0.9	-2.48
395	V395L	-0.03	-0.18
395	V395M	0.04	-0.26
395	V395N	-1.02	-2.71
395	V395P	-2.03	-2.84
395	V395Q	-0.51	-2.03
395	V395R	-0.55	-1.53
395	V395S	-0.51	-1.77
395	V395T	-0.36	-1.09
395	V395V	0.0	0.0
395	V395W	-0.57	-2.26
395	V395Y	-0.53	-2.63
395	V395*		-4.58
396	Y396A	-0.38	-1.5
396	Y396C	-0.23	-0.98
396	Y396D	-0.3	-1.29
396	Y396E	-0.52	-1.78
396	Y396F	-0.02	-0.23
396	Y396G	-1.08	-2.44
396	Y396H	-0.29	-0.82
396	Y396I	-0.05	-0.24
396	Y396K	-0.51	-1.53
396	Y396L	-0.12	-0.43
396	Y396M	-0.1	-0.6
396	Y396N	-0.07	-0.31
396	Y396P	-4.8	-2.52
396	Y396Q	-0.24	-0.98
396	Y396R	-0.59	-1.81
396	Y396S	-0.38	-0.95
396	Y396T	-0.02	-0.12
396	Y396V	-0.06	-0.28
396	Y396W	-0.03	-0.18
396	Y396Y	0.0	0.0
396	Y396*		-4.51
397	A397A	0.0	0.0
397	A397C	-0.13	-0.4
397	A397D	-4.36	-2.9
397	A397E		
397	A397F	-0.47	-1.51
397	A397G	-1.07	-2.58
397	A397H	-1.52	-2.75
397	A397I	-0.29	-0.57
397	A397K		
397	A397L	-0.06	-0.07
397	A397M		
397	A397N	-4.48	-2.27
397	A397P	-3.95	-2.76
397	A397Q		
397	A397R	-2.52	-2.68
397	A397S	-0.7	-2.18
397	A397T	-0.47	-1.55
397	A397V	-0.15	-0.45
397	A397W		
397	A397Y	-0.67	-2.19
397	A397*		
398	D398A	-4.34	-2.5
398	D398C	-4.53	-0.98
398	D398D	0.0	0.0
398	D398E	-1.59	-2.63
398	D398F	-1.72	-2.54
398	D398G	-4.76	-2.66
398	D398H	-0.85	-1.69
398	D398I	-3.38	-2.6
398	D398K	-4.8	-2.76
398	D398L	-4.79	-2.58
398	D398M	-1.39	-2.47
398	D398N	-3.46	-2.68
398	D398P	-4.54	-2.83
398	D398Q	-4.47	-2.58
398	D398R	-4.8	-2.69
398	D398S	-2.08	-2.33
398	D398T	-1.23	-2.43
398	D398V	-2.08	-2.45
398	D398W	-2.88	-2.31
398	D398Y	-1.09	-2.06
398	D398*		-4.59
399	S399A	-0.37	-1.71
399	S399C	-0.83	-1.92
399	S399D	-1.33	-2.65
399	S399E	-1.49	-2.29
399	S399F	-0.45	-1.82
399	S399G	-0.92	-2.55
399	S399H	-2.0	-2.43
399	S399I	-1.5	-2.44
399	S399K	-0.97	-2.61
399	S399L	-0.87	-2.28
399	S399M	-0.35	-1.57
399	S399N	-0.39	-2.36
399	S399P	-3.93	-2.85
399	S399Q	-0.49	-1.98
399	S399R	-0.62	-1.99
399	S399S	0.0	0.0
399	S399T	-0.1	-0.47
399	S399V	-1.26	-2.42
399	S399W	-0.52	-1.98
399	S399Y	-0.3	-0.8
399	S399*		-4.56
400	F400A	-3.59	-2.7
400	F400C	-4.61	-2.79
400	F400D	-4.8	-2.59
400	F400E	-4.34	-2.54
400	F400F	0.0	0.0
400	F400G	-4.8	-2.69
400	F400H	-3.84	-2.83
400	F400I	-4.8	-2.72
400	F400K	-4.72	-2.67
400	F400L	-1.61	-2.71
400	F400M	-0.66	-1.72
400	F400N	-4.8	-2.8
400	F400P	-4.78	-2.42
400	F400Q	-4.38	-2.82
400	F400R	-4.8	-2.87
400	F400S	-4.8	-2.73
400	F400T	-4.8	-2.85
400	F400V	-4.5	-2.81
400	F400W	-4.77	-2.83
400	F400Y	-0.9	-2.5
400	F400*		-4.6
401	V401A	-0.66	-2.02
401	V401C	-0.77	-1.78
401	V401D	-4.37	-2.67
401	V401E	-4.13	-2.54
401	V401F	-3.38	-3.03
401	V401G	-4.32	-2.81
401	V401H	-4.63	-2.77
401	V401I	-0.26	-0.41
401	V401K	-4.76	-2.75
401	V401L	-0.33	-1.57
401	V401M	-0.64	-2.19
401	V401N	-4.03	-2.84
401	V401P	-4.8	-2.89
401	V401Q	-3.35	-2.31
401	V401R	-4.8	-2.88
401	V401S	-1.75	-2.68
401	V401T	-0.37	-1.22
401	V401V	0.0	0.0
401	V401W	-4.69	-2.48
401	V401Y	-4.8	-2.75
401	V401*		-4.58
402	I402A	-0.96	-2.29
402	I402C	-0.18	-0.89
402	I402D	-4.67	-2.64
402	I402E	-3.37	-2.71
402	I402F	-4.8	-2.8
402	I402G	-4.8	-2.75
402	I402H	-4.42	-2.84
402	I402I	0.0	0.0
402	I402K	-4.71	-2.78
402	I402L	-0.05	-0.41
402	I402M	-0.91	-2.29
402	I402N	-4.69	-2.79
402	I402P	-4.65	-2.83
402	I402Q	-4.36	-2.82
402	I402R	-3.42	-2.76
402	I402S	-2.26	-2.68
402	I402T	-0.55	-1.99
402	I402V	0.01	0.1
402	I402W	-2.35	-2.65
402	I402Y	-4.53	-2.81
402	I402*		-4.56
403	R403A	-1.06	-0.22
403	R403C	-1.51	-1.69
403	R403D	-2.21	-2.3
403	R403E	-2.11	-1.31
403	R403F	-3.49	-1.61
403	R403G	-1.7	-1.14
403	R403H	-2.19	-1.8
403	R403I	-1.73	-1.84
403	R403K	-0.06	-0.29
403	R403L	-1.4	-1.63
403	R403M	-0.55	-0.51
403	R403N	-1.47	-0.44
403	R403P	-1.25	-1.44
403	R403Q	-0.72	-0.8
403	R403R	0.0	0.0
403	R403S	-0.84	-0.22
403	R403T	-0.69	-0.99
403	R403V	-2.03	-2.24
403	R403W	-2.82	-2.06
403	R403Y	-2.34	-1.55
403	R403*		-4.55
404	G404A	-0.93	-0.74
404	G404C	-1.17	-1.71
404	G404D	-2.46	-1.56
404	G404E	-1.28	-1.69
404	G404F	-1.97	-1.9
404	G404G	0.0	0.0
404	G404H	-0.93	-1.16
404	G404I	-2.78	-2.67
404	G404K	-1.02	-0.97
404	G404L	-2.29	-2.3
404	G404M	-1.36	-1.69
404	G404N	-1.47	-1.65
404	G404P	-4.8	-2.74
404	G404Q	-1.02	-0.94
404	G404R	-1.29	-1.66
404	G404S	-1.02	-1.12
404	G404T	-2.47	-2.59
404	G404V	-2.56	-2.49
404	G404W	-3.07	-2.76
404	G404Y	-1.39	-2.1
404	G404*		-4.15
405	D405A	-0.07	-0.71
405	D405C	-0.28	-0.76
405	D405D	0.0	0.0
405	D405E	-0.25	-0.47
405	D405F	-0.02	-0.92
405	D405G	-0.33	-1.11
405	D405H	-0.15	-2.83
405	D405I	-0.93	-1.0
405	D405K	-0.2	-0.36
405	D405L	-0.42	-0.93
405	D405M	-0.08	-1.01
405	D405N	-0.1	-0.47
405	D405P	-1.45	-2.56
405	D405Q	-0.03	-1.21
405	D405R	-0.11	-0.65
405	D405S	0.01	-0.37
405	D405T	-0.36	-0.58
405	D405V	-0.6	-1.14
405	D405W	-0.49	-1.71
405	D405Y	-0.28	-0.86
405	D405*		-3.74
406	E406A	-0.38	-2.17
406	E406C	-0.83	-2.75
406	E406D	-0.07	-0.53
406	E406E	0.0	0.0
406	E406F	-0.9	-2.11
406	E406G	-0.59	-2.49
406	E406H	0.0	0.07
406	E406I	-2.12	-2.72
406	E406K	-0.96	-2.34
406	E406L	-1.4	-2.51
406	E406M	-0.44	-1.2
406	E406N	-0.56	-2.58
406	E406P	-4.42	-2.68
406	E406Q	0.07	0.04
406	E406R	-2.01	-2.67
406	E406S	-0.53	-2.54
406	E406T	-0.68	-2.39
406	E406V	-0.6	-2.41
406	E406W	-0.57	-0.25
406	E406Y	-0.78	-2.35
406	E406*		-4.56
407	V407A	-0.86	-2.22
407	V407C	-0.67	-2.12
407	V407D	-4.8	-2.8
407	V407E	-1.66	-2.54
407	V407F	-1.09	-2.62
407	V407G	-2.63	-2.76
407	V407H	-3.09	-2.73
407	V407I	-0.1	-0.32
407	V407K	-1.15	-2.51
407	V407L	-0.03	-0.06
407	V407M	-0.33	-1.16
407	V407N	-4.44	-2.51
407	V407P	-4.3	-2.81
407	V407Q	-0.67	-1.99
407	V407R	-0.76	-2.17
407	V407S	-1.54	-2.5
407	V407T	-0.56	-1.85
407	V407V	0.0	0.0
407	V407W	-1.78	-2.65
407	V407Y	-1.48	-2.74
407	V407*		-4.53
408	R408A	-0.06	0.12
408	R408C	-0.09	-0.06
408	R408D	-0.1	0.53
408	R408E	-0.16	0.27
408	R408F	-0.11	-0.48
408	R408G	-0.08	0.09
408	R408H	-0.06	0.02
408	R408I	-0.09	-0.46
408	R408K	0.0	0.06
408	R408L	-0.21	-0.54
408	R408M	-0.1	-0.48
408	R408N	-0.06	-0.13
408	R408P	-0.06	0.15
408	R408Q	-0.07	0.29
408	R408R	0.0	0.0
408	R408S	-0.06	0.21
408	R408T	-0.11	-0.06
408	R408V	-0.14	0.04
408	R408W	-0.1	-0.56
408	R408Y	-0.14	-0.22
408	R408*		-3.49
409	Q409A	-0.92	-2.33
409	Q409C	-0.43	-1.36
409	Q409D	-0.33	-2.21
409	Q409E	-0.15	-0.25
409	Q409F	-0.72	-1.85
409	Q409G	-1.0	-2.44
409	Q409H	-0.67	-1.27
409	Q409I	-1.86	-2.92
409	Q409K	-0.65	-1.25
409	Q409L	-0.75	-1.71
409	Q409M	-0.54	-1.48
409	Q409N	-0.65	-0.83
409	Q409P	-4.63	-2.85
409	Q409Q	0.0	0.0
409	Q409R	-0.78	-1.71
409	Q409S	-0.57	-1.33
409	Q409T	-0.67	-2.01
409	Q409V	-1.06	-2.66
409	Q409W	-0.9	-2.52
409	Q409Y	-0.45	-1.86
409	Q409*		-4.2
410	I410A	-4.62	-2.82
410	I410C	-1.14	-2.69
410	I410D	-3.39	-2.94
410	I410E	-4.8	-2.7
410	I410F	-3.27	-2.69
410	I410G	-4.57	-2.81
410	I410H	-4.55	-2.89
410	I410I	0.0	0.0
410	I410K	-4.74	-2.76
410	I410L	-0.36	-1.45
410	I410M	-0.72	-2.28
410	I410N	-3.6	-2.66
410	I410P	-3.49	-2.54
410	I410Q	-4.21	-2.83
410	I410R	-4.8	-2.84
410	I410S	-4.8	-2.65
410	I410T	-4.48	-2.76
410	I410V	-0.11	-0.6
410	I410W	-4.79	-2.79
410	I410Y	-4.18	-2.68
410	I410*		-4.52
411	A411A	0.0	0.0
411	A411C	-0.4	-1.58
411	A411D	-0.69	-2.02
411	A411E	-0.09	-0.79
411	A411F	-0.81	-2.35
411	A411G	-0.1	-0.78
411	A411H	-0.55	-2.03
411	A411I	-0.72	-2.23
411	A411K	-0.33	-1.32
411	A411L	-0.73	-2.3
411	A411M	-0.29	-1.62
411	A411N	-0.57	-2.18
411	A411P	-4.5	-2.77
411	A411Q	-0.08	-0.54
411	A411R	-0.18	-0.98
411	A411S	-0.14	-0.73
411	A411T	-0.52	-1.59
411	A411V	-0.4	-1.54
411	A411W	-0.3	-1.16
411	A411Y	-0.93	-2.33
411	A411*		-4.55
412	P412A	-1.07	-2.64
412	P412C	-2.35	-2.69
412	P412D	-3.12	-2.74
412	P412E	-2.2	-2.55
412	P412F	-3.87	-2.86
412	P412G	-1.6	-2.63
412	P412H	-2.32	-2.73
412	P412I	-0.92	-2.62
412	P412K	-0.95	-2.5
412	P412L	-1.15	-2.63
412	P412M	-1.32	-2.79
412	P412N	-3.32	-2.68
412	P412P	0.0	0.0
412	P412Q	-1.57	-2.56
412	P412R	-1.5	-2.73
412	P412S	-1.5	-2.58
412	P412T	-1.05	-2.49
412	P412V	-0.66	-2.36
412	P412W	-4.37	-2.78
412	P412Y	-4.47	-2.87
412	P412*		-4.58
413	G413A	-0.16	-0.54
413	G413C	-0.06	-0.36
413	G413D	-0.3	-1.29
413	G413E	-0.2	-1.23
413	G413F	-0.03	-0.27
413	G413G	0.0	0.0
413	G413H	-0.06	-0.4
413	G413I	-0.6	-1.75
413	G413K	-0.13	-0.15
413	G413L	-0.12	-0.39
413	G413M	-0.07	-0.21
413	G413N	-0.15	0.05
413	G413P	-4.65	-2.72
413	G413Q	-0.12	-0.36
413	G413R	-0.08	-0.13
413	G413S	-0.11	-0.73
413	G413T	-0.47	-1.28
413	G413V	-0.59	-1.74
413	G413W	-0.41	-1.89
413	G413Y	-0.07	-0.28
413	G413*		-4.56
414	Q414A	0.16	0.3
414	Q414C	-0.16	-0.48
414	Q414D	-0.88	-2.38
414	Q414E	-0.06	-0.22
414	Q414F	-0.53	-1.71
414	Q414G	-0.01	-0.03
414	Q414H	-0.18	-1.11
414	Q414I	-0.1	-0.81
414	Q414K	-0.04	-0.46
414	Q414L	-0.26	-1.17
414	Q414M	0.04	-0.06
414	Q414N	-0.36	-1.55
414	Q414P	-1.01	-2.49
414	Q414Q	0.0	0.0
414	Q414R	-0.04	-0.53
414	Q414S	0.0	-0.05
414	Q414T	0.01	-0.12
414	Q414V	0.01	-0.35
414	Q414W	-0.8	-1.93
414	Q414Y	-0.41	-1.29
414	Q414*		-4.56
415	T415A	-0.04	-0.33
415	T415C	-0.3	-1.15
415	T415D	-0.21	-0.76
415	T415E	-0.13	-0.5
415	T415F	-0.12	-1.07
415	T415G	-0.02	-0.61
415	T415H	0.05	0.13
415	T415I	-0.1	-0.61
415	T415K	0.0	-0.09
415	T415L	-0.27	-1.12
415	T415M	-0.09	-0.56
415	T415N	-0.02	-0.29
415	T415P	-0.29	-1.01
415	T415Q	-0.06	-0.1
415	T415R	0.05	0.02
415	T415S	0.01	-0.03
415	T415T	0.0	0.0
415	T415V	-0.09	-0.29
415	T415W	-0.25	-1.5
415	T415Y	-0.09	-0.86
415	T415*		-4.57
416	G416A	-1.31	-1.88
416	G416C	-2.36	-2.16
416	G416D	-1.47	-2.47
416	G416E	-2.01	-2.64
416	G416F	-4.05	-1.88
416	G416G	0.0	0.0
416	G416H	-1.56	-2.12
416	G416I	-4.79	-1.8
416	G416K	-2.22	-2.51
416	G416L	-3.2	-1.89
416	G416M	-2.03	-2.12
416	G416N	-1.27	-2.41
416	G416P	-4.4	-2.68
416	G416Q	-1.93	-2.51
416	G416R	-2.89	-2.75
416	G416S	-1.11	-2.28
416	G416T	-2.02	-2.11
416	G416V	-4.6	-1.91
416	G416W	-3.21	-2.16
416	G416Y	-2.74	-2.06
416	G416*		-4.54
417	K417A	-0.35	0.03
417	K417C	-0.42	-0.05
417	K417D	-1.04	-0.33
417	K417E	-0.75	-0.25
417	K417F	-0.13	-0.11
417	K417G	-0.51	-0.27
417	K417H	-0.17	0.1
417	K417I	-0.34	0.39
417	K417K	0.0	0.0
417	K417L	-0.31	0.17
417	K417M	-0.39	0.06
417	K417N	-0.45	0.1
417	K417P	-0.35	0.0
417	K417Q	-0.62	-0.05
417	K417R	-0.17	0.08
417	K417S	-0.46	-0.05
417	K417T	-0.26	0.25
417	K417V	-0.32	0.65
417	K417W	-0.31	-0.28
417	K417Y	-0.08	0.07
417	K417*		-4.58
418	I418A	-1.46	-2.77
418	I418C	-1.05	-2.5
418	I418D	-4.8	-2.65
418	I418E	-4.8	-2.7
418	I418F	-2.66	-2.42
418	I418G	-4.55	-2.64
418	I418H	-4.76	-2.7
418	I418I	0.0	0.0
418	I418K	-4.64	-2.68
418	I418L	-0.73	-2.0
418	I418M	-0.76	-2.23
418	I418N	-4.79	-2.72
418	I418P	-4.73	-2.8
418	I418Q	-1.82	-2.76
418	I418R	-4.76	-2.74
418	I418S	-3.48	-2.7
418	I418T	-0.85	-2.42
418	I418V	-0.17	-0.59
418	I418W	-4.44	-2.76
418	I418Y	-4.57	-2.77
418	I418*		-4.61
419	A419A	0.0	0.0
419	A419C	-0.27	-1.29
419	A419D	-3.23	-2.53
419	A419E	-3.75	-2.58
419	A419F	-1.07	-2.64
419	A419G	-0.8	-1.88
419	A419H	-0.77	-2.25
419	A419I	-0.73	-2.28
419	A419K	-2.04	-2.51
419	A419L	-2.28	-2.65
419	A419M	-1.11	-2.41
419	A419N	-0.91	-2.1
419	A419P	-0.22	-0.81
419	A419Q	-1.15	-2.08
419	A419R	-1.14	-2.51
419	A419S	-0.1	-0.68
419	A419T	-0.23	-1.21
419	A419V	-0.49	-1.64
419	A419W	-2.69	-2.84
419	A419Y	-0.86	-2.41
419	A419*		-4.56
420	D420A	-0.11	-0.79
420	D420C	-0.27	-1.01
420	D420D	0.0	0.0
420	D420E	-0.13	-0.44
420	D420F	-0.32	-1.42
420	D420G	-0.56	-1.77
420	D420H	-0.29	-1.46
420	D420I	-0.66	-2.04
420	D420K	-0.05	-0.6
420	D420L	-0.18	-1.18
420	D420M	-0.14	-0.72
420	D420N	-0.02	-0.33
420	D420P	-4.55	-2.99
420	D420Q	-0.01	-0.18
420	D420R	-0.05	-0.61
420	D420S	-0.11	-0.53
420	D420T	-0.26	-1.18
420	D420V	-0.67	-2.05
420	D420W	-0.3	-1.19
420	D420Y	-0.3	-1.4
420	D420*		-4.57
421	Y421A	-0.68	-1.75
421	Y421C	-0.43	-1.32
421	Y421D	-1.72	-2.4
421	Y421E	-2.08	-2.23
421	Y421F	-0.02	-0.05
421	Y421G	-0.72	-2.19
421	Y421H	-0.6	-1.11
421	Y421I	-0.47	-1.28
421	Y421K	-0.52	-1.54
421	Y421L	-0.14	-0.64
421	Y421M	-0.39	-0.98
421	Y421N	-0.18	-1.16
421	Y421P	-4.76	-2.57
421	Y421Q	-0.76	-2.0
421	Y421R	-0.63	-2.02
421	Y421S	-0.76	-1.87
421	Y421T	-1.18	-2.2
421	Y421V	-0.63	-1.78
421	Y421W	-0.61	-0.72
421	Y421Y	0.0	0.0
421	Y421*		-4.56
422	N422A	-1.36	-2.46
422	N422C	-2.45	-2.31
422	N422D	-2.64	-2.37
422	N422E	-4.8	-2.52
422	N422F	-4.8	-2.64
422	N422G	-2.48	-2.56
422	N422H	-4.8	-2.56
422	N422I	-4.77	-2.46
422	N422K	-4.73	-2.67
422	N422L	-4.8	-2.54
422	N422M	-4.34	-2.64
422	N422N	0.0	0.0
422	N422P	-4.59	-2.65
422	N422Q	-3.9	-2.51
422	N422R	-4.77	-2.58
422	N422S	-0.75	-1.91
422	N422T	-4.53	-2.49
422	N422V	-4.8	-2.53
422	N422W	-4.8	-2.24
422	N422Y	-4.62	-2.43
422	N422*		-4.58
423	Y423A	-4.8	-2.68
423	Y423C	-4.57	-2.6
423	Y423D	-4.7	-2.61
423	Y423E	-4.53	-2.73
423	Y423F	-0.58	-1.85
423	Y423G	-4.72	-2.78
423	Y423H	-4.26	-2.76
423	Y423I	-2.16	-2.64
423	Y423K	-4.7	-2.77
423	Y423L	-3.11	-2.59
423	Y423M	-2.77	-2.67
423	Y423N	-4.77	-2.65
423	Y423P	-4.78	-2.75
423	Y423Q	-4.44	-2.74
423	Y423R	-4.79	-2.84
423	Y423S	-4.79	-2.76
423	Y423T	-4.75	-2.81
423	Y423V	-4.43	-2.7
423	Y423W	-4.52	-2.76
423	Y423Y	0.0	0.0
423	Y423*		-4.56
424	K424A	-0.21	-1.45
424	K424C	-0.52	-1.64
424	K424D	-1.75	-2.74
424	K424E	-2.56	-2.68
424	K424F	-0.9	-2.7
424	K424G	-0.75	-2.48
424	K424H	-0.08	-0.65
424	K424I	-2.03	-2.58
424	K424K	0.0	0.0
424	K424L	-1.11	-2.59
424	K424M	-0.68	-2.23
424	K424N	-0.3	-1.58
424	K424P	-1.77	-2.87
424	K424Q	-0.56	-2.07
424	K424R	-0.07	-0.63
424	K424S	-0.77	-1.87
424	K424T	-4.8	-2.05
424	K424V	-0.89	-2.37
424	K424W	-4.31	-2.82
424	K424Y	-0.82	-2.46
424	K424*		-4.57
425	L425A	-3.04	-2.8
425	L425C	-0.74	-2.28
425	L425D	-4.8	-2.74
425	L425E	-4.8	-2.86
425	L425F	-1.38	-2.67
425	L425G	-4.75	-2.84
425	L425H	-4.8	-2.86
425	L425I	-0.04	-0.28
425	L425K	-4.8	-2.84
425	L425L	0.0	0.0
425	L425M	-0.18	-0.97
425	L425N	-4.14	-2.84
425	L425P	-3.46	-2.73
425	L425Q	-4.79	-2.84
425	L425R	-4.6	-2.86
425	L425S	-4.52	-2.82
425	L425T	-0.83	-2.5
425	L425V	-0.04	-0.28
425	L425W	-4.8	-2.72
425	L425Y	-4.63	-2.84
425	L425*		-4.58
426	P426A	-0.18	-1.61
426	P426C	-0.7	-2.34
426	P426D	-0.48	-1.89
426	P426E	-0.79	-2.31
426	P426F	-1.6	-2.9
426	P426G	-0.29	-1.29
426	P426H	-0.68	-2.33
426	P426I	-1.75	-2.84
426	P426K	-0.58	-2.07
426	P426L	-1.38	-2.87
426	P426M	-0.93	-2.87
426	P426N	-0.37	-1.46
426	P426P	0.0	0.0
426	P426Q	-0.78	-2.36
426	P426R	-0.63	-2.33
426	P426S	-0.22	-1.43
426	P426T	-0.57	-1.95
426	P426V	-1.1	-2.73
426	P426W	-1.77	-2.89
426	P426Y	-1.58	-2.87
426	P426*		-4.56
427	D427A	0.04	-0.37
427	D427C	-0.27	-1.01
427	D427D	0.0	0.0
427	D427E	0.02	-0.27
427	D427F	-0.13	-0.73
427	D427G	-0.05	-0.71
427	D427H	0.0	-0.42
427	D427I	-0.06	-0.38
427	D427K	-0.04	-0.24
427	D427L	0.0	-0.17
427	D427M	-0.04	-0.48
427	D427N	0.0	-0.24
427	D427P	-0.03	-0.31
427	D427Q	-0.35	-0.39
427	D427R	-0.02	-0.32
427	D427S	-0.06	-0.34
427	D427T	-0.08	-0.33
427	D427V	-0.03	-0.63
427	D427W	-0.13	-0.89
427	D427Y	-0.09	-0.85
427	D427*		-4.58
428	D428A	-0.13	-0.86
428	D428C	-0.38	-1.47
428	D428D	0.0	0.0
428	D428E	-0.06	-0.37
428	D428F	-0.31	-1.64
428	D428G	-0.12	-0.85
428	D428H	-0.07	-0.6
428	D428I	-0.26	-1.33
428	D428K	-0.04	-0.47
428	D428L	-0.28	-1.27
428	D428M	-0.21	-1.39
428	D428N	0.01	0.18
428	D428P	-0.09	-0.95
428	D428Q	-0.12	-0.73
428	D428R	-0.12	-0.69
428	D428S	-0.08	-0.52
428	D428T	-0.07	-0.39
428	D428V	-0.21	-1.07
428	D428W	-0.24	-1.51
428	D428Y	-0.18	-1.01
428	D428*		-4.56
429	F429A	-3.83	-2.86
429	F429C	-3.17	-2.85
429	F429D	-4.77	-2.93
429	F429E	-4.73	-2.88
429	F429F	0.0	0.0
429	F429G	-4.8	-2.84
429	F429H	-0.86	-2.87
429	F429I	-0.9	-2.47
429	F429K	-4.64	-2.89
429	F429L	-0.69	-2.17
429	F429M	-0.73	-2.15
429	F429N	-4.74	-2.93
429	F429P	-4.47	-2.93
429	F429Q	-4.41	-2.91
429	F429R	-4.49	-2.92
429	F429S	-4.79	-2.9
429	F429T	-3.32	-2.89
429	F429V	-0.93	-2.61
429	F429W	-0.11	-0.29
429	F429Y	-0.54	-1.89
429	F429*		-4.56
430	T430A	-0.17	-0.91
430	T430C	0.0	-0.06
430	T430D	-0.56	-1.97
430	T430E	-0.42	-1.19
430	T430F	0.03	0.02
430	T430G	-0.68	-2.25
430	T430H	-0.02	-0.35
430	T430I	0.03	0.07
430	T430K	0.03	-0.21
430	T430L	0.01	-0.03
430	T430M	0.03	-0.01
430	T430N	-0.12	-0.87
430	T430P	-2.11	-2.86
430	T430Q	-0.07	-0.38
430	T430R	0.0	-0.14
430	T430S	-0.15	-0.97
430	T430T	0.0	0.0
430	T430V	-0.06	0.16
430	T430W	-0.18	-0.82
430	T430Y	0.0	-0.06
430	T430*		-4.57
431	G431A	-4.8	-2.75
431	G431C	-2.77	-2.65
431	G431D	-4.72	-2.94
431	G431E	-4.8	-2.96
431	G431F	-4.7	-2.5
431	G431G	0.0	0.0
431	G431H	-4.8	-2.86
431	G431I	-4.8	-2.47
431	G431K	-4.8	-2.92
431	G431L	-4.56	-2.62
431	G431M	-4.61	-2.7
431	G431N	-4.69	-2.93
431	G431P	-4.8	-2.91
431	G431Q	-4.67	-2.91
431	G431R	-4.79	-2.95
431	G431S	-4.46	-2.95
431	G431T	-4.6	-2.86
431	G431V	-4.71	-2.61
431	G431W	-4.8	-2.79
431	G431Y	-4.56	-2.65
431	G431*		-4.55
432	C432A	-1.88	-3.01
432	C432C	0.0	0.0
432	C432D	-4.71	-3.14
432	C432E	-3.87	-2.94
432	C432F	-0.89	-2.38
432	C432G	-4.8	-3.15
432	C432H	-4.55	-3.11
432	C432I	-0.47	-1.54
432	C432K	-3.88	-3.12
432	C432L	-0.73	-2.13
432	C432M	-0.77	-2.28
432	C432N	-4.29	-3.11
432	C432P	-4.63	-3.11
432	C432Q	-4.8	-3.01
432	C432R	-4.8	-3.19
432	C432S	-4.5	-3.17
432	C432T	-4.45	-3.01
432	C432V	-0.72	-2.35
432	C432W	-1.51	-2.8
432	C432Y	-2.42	-2.89
432	C432*		-4.57
433	V433A	-1.58	-2.96
433	V433C	-1.77	-2.48
433	V433D	-4.77	-3.1
433	V433E	-4.52	-3.05
433	V433F	-4.62	-2.85
433	V433G	-4.78	-3.07
433	V433H	-4.77	-3.14
433	V433I	-0.12	-0.73
433	V433K	-4.79	-3.15
433	V433L	-1.56	-2.66
433	V433M	-1.33	-2.76
433	V433N	-4.57	-3.2
433	V433P	-4.8	-3.28
433	V433Q	-4.8	-3.11
433	V433R	-4.48	-3.12
433	V433S	-4.36	-3.12
433	V433T	-0.71	-2.69
433	V433V	0.0	0.0
433	V433W	-4.74	-2.9
433	V433Y	-4.48	-2.91
433	V433*		-4.57
434	I434A	-0.3	-1.95
434	I434C	-0.22	-1.2
434	I434D	-3.68	-3.11
434	I434E	-4.66	-3.09
434	I434F	0.03	0.16
434	I434G	-0.93	-2.73
434	I434H	-0.6	-2.93
434	I434I	0.0	0.0
434	I434K	-2.18	-3.04
434	I434L	-0.05	-0.21
434	I434M	-0.08	-0.26
434	I434N	-2.93	-3.15
434	I434P	-4.45	-3.03
434	I434Q	-1.13	-3.13
434	I434R	-4.23	-3.13
434	I434S	-0.69	-2.69
434	I434T	-0.36	-1.76
434	I434V	-0.07	-0.27
434	I434W	-0.04	-0.36
434	I434Y	-0.01	-0.51
434	I434*		-4.56
435	A435A	0.0	0.0
435	A435C	-0.63	-1.74
435	A435D	-3.23	-2.91
435	A435E	-3.36	-2.81
435	A435F	-0.89	-2.14
435	A435G	-0.36	-1.55
435	A435H	-0.94	-2.64
435	A435I	-0.75	-2.12
435	A435K	-1.97	-2.78
435	A435L	-1.53	-2.52
435	A435M	-0.67	-1.73
435	A435N	-1.13	-2.84
435	A435P	-4.18	-3.01
435	A435Q	-1.23	-2.57
435	A435R	-2.76	-2.82
435	A435S	-0.07	-0.36
435	A435T	-0.17	-0.73
435	A435V	-0.61	-1.74
435	A435W	-0.52	-1.49
435	A435Y	-0.5	-1.74
435	A435*		-4.57
436	W436A	-0.75	-2.7
436	W436C	-1.0	-2.42
436	W436D	-2.86	-2.97
436	W436E	-1.37	-2.79
436	W436F	-0.39	-1.38
436	W436G	-1.29	-2.86
436	W436H	-0.89	-2.76
436	W436I	-0.76	-2.29
436	W436K	-0.67	-2.46
436	W436L	-0.78	-2.37
436	W436M	-0.56	-1.8
436	W436N	-1.49	-2.7
436	W436P	-4.59	-2.88
436	W436Q	-0.66	-2.33
436	W436R	-0.62	-2.36
436	W436S	-0.66	-2.48
436	W436T	-0.72	-2.31
436	W436V	-0.85	-2.37
436	W436W	0.0	0.0
436	W436Y	-0.49	-1.82
436	W436*		-4.56
437	N437A	-0.55	-1.41
437	N437C	-0.42	-1.13
437	N437D	-1.48	-1.71
437	N437E	-0.96	-1.18
437	N437F	-4.24	-2.45
437	N437G	-0.56	-1.65
437	N437H	-1.89	-2.08
437	N437I	-2.21	-2.23
437	N437K	-0.78	-1.31
437	N437L	-2.15	-2.04
437	N437M	-1.62	-2.02
437	N437N	0.0	0.0
437	N437P	-0.36	-0.8
437	N437Q	-0.75	-1.5
437	N437R	-0.75	-1.53
437	N437S	-0.51	-1.57
437	N437T	-1.23	-2.11
437	N437V	-1.46	-2.08
437	N437W	-2.96	-2.24
437	N437Y	-3.62	-2.34
437	N437*		-4.56
438	S438A	-0.01	-0.24
438	S438C	-0.38	-1.62
438	S438D	-2.26	-2.08
438	S438E	-2.21	-1.53
438	S438F	-2.79	-2.15
438	S438G	-0.65	-1.21
438	S438H	-2.44	-2.08
438	S438I	-2.39	-1.92
438	S438K	-2.39	-2.46
438	S438L	-3.43	-2.21
438	S438M	-1.42	-2.3
438	S438N	-1.41	-2.37
438	S438P	-4.61	-2.19
438	S438Q	-1.39	-2.26
438	S438R	-1.27	-2.81
438	S438S	0.0	0.0
438	S438T	-0.1	-0.68
438	S438V	-0.76	-1.71
438	S438W	-2.99	-1.85
438	S438Y	-2.56	-1.85
438	S438*		-4.36
439	N439A	-0.17	-1.54
439	N439C	-0.12	-0.28
439	N439D	-1.15	-0.8
439	N439E	-2.66	-0.61
439	N439F	-1.14	-2.08
439	N439G	-0.5	-0.8
439	N439H	-0.75	-0.36
439	N439I	-0.25	-1.22
439	N439K	0.04	-0.35
439	N439L	-0.06	-0.73
439	N439M	-0.25	-0.23
439	N439N	0.0	0.0
439	N439P	-2.39	-0.82
439	N439Q	-0.45	-0.02
439	N439R	-0.03	-1.06
439	N439S	-1.22	-0.39
439	N439T	-1.08	-0.4
439	N439V	-0.04	-0.44
439	N439W	-0.58	-1.57
439	N439Y	-1.2	-0.36
439	N439*		-3.24
440	N440A	0.01	-0.01
440	N440C	-0.15	-0.57
440	N440D	-0.02	0.07
440	N440E	-0.04	0.23
440	N440F	-0.03	-0.71
440	N440G	-0.01	-0.05
440	N440H	0.02	-0.07
440	N440I	-0.09	-0.24
440	N440K	0.07	-0.12
440	N440L	-0.07	-0.13
440	N440M	0.0	-0.24
440	N440N	0.0	0.0
440	N440P	-0.05	-0.62
440	N440Q	-0.08	-0.2
440	N440R	-0.03	-0.25
440	N440S	0.04	-0.07
440	N440T	-0.02	-0.1
440	N440V	-0.02	-0.4
440	N440W	-0.11	-1.08
440	N440Y	-0.07	-0.36
440	N440*		-4.55
441	L441A	-0.11	-0.19
441	L441C	-0.18	-1.44
441	L441D	-0.03	-0.26
441	L441E	-0.03	-0.06
441	L441F	-0.07	-0.35
441	L441G	-0.32	-1.64
441	L441H	-0.12	-0.48
441	L441I	0.02	0.25
441	L441K	-0.01	-0.18
441	L441L	0.0	0.0
441	L441M	-0.03	0.06
441	L441N	-0.33	0.01
441	L441P	-0.48	-1.12
441	L441Q	-0.03	0.21
441	L441R	-0.13	-0.89
441	L441S	-0.63	-0.33
441	L441T	-0.88	-0.4
441	L441V	0.03	0.15
441	L441W	-0.05	-0.37
441	L441Y	-0.14	-0.5
441	L441*		-3.55
442	D442A	-2.8	-2.36
442	D442C	-2.61	-2.62
442	D442D	0.0	0.0
442	D442E	-1.23	-1.31
442	D442F	-2.7	-2.67
442	D442G	-3.7	-2.22
442	D442H	-2.59	-2.31
442	D442I	-0.65	-2.17
442	D442K	-4.22	-2.37
442	D442L	-1.48	-2.08
442	D442M	-2.41	-2.27
442	D442N	-2.8	-2.16
442	D442P	-4.67	-2.31
442	D442Q	-4.14	-2.31
442	D442R	-4.11	-2.42
442	D442S	-2.64	-2.04
442	D442T	-2.42	-1.61
442	D442V	-1.42	-2.24
442	D442W	-4.8	-2.53
442	D442Y	-2.48	-2.3
442	D442*		-4.53
443	S443A	-0.27	-0.07
443	S443C	-1.36	-0.36
443	S443D	-2.06	-1.26
443	S443E	-2.52	-1.37
443	S443F	-2.29	-1.21
443	S443G	-0.57	-0.18
443	S443H	-1.97	-1.25
443	S443I	-2.37	-1.17
443	S443K	-2.12	-1.42
443	S443L	-2.37	-1.17
443	S443M	-2.16	-1.01
443	S443N	-2.18	-0.19
443	S443P	-2.46	-1.79
443	S443Q	-2.14	-0.95
443	S443R	-2.18	-1.71
443	S443S	0.0	0.0
443	S443T	-1.14	-0.37
443	S443V	-1.97	-0.72
443	S443W	-2.39	-1.81
443	S443Y	-2.17	-0.95
443	S443*		-4.57
444	K444A	-0.01	-0.02
444	K444C	-0.14	-0.22
444	K444D	-0.18	-0.08
444	K444E	-0.07	0.01
444	K444F	-0.13	-0.34
444	K444G	-0.76	-0.14
444	K444H	-0.05	-0.31
444	K444I	-0.1	-0.32
444	K444K	0.0	0.0
444	K444L	-0.1	-0.22
444	K444M	-0.04	-0.24
444	K444N	-0.12	-0.19
444	K444P	-1.14	-0.65
444	K444Q	0.01	-0.09
444	K444R	-0.06	-0.09
444	K444S	-0.09	-0.01
444	K444T	-0.03	0.07
444	K444V	-0.1	-0.19
444	K444W	-0.05	-0.28
444	K444Y	-0.08	-0.39
444	K444*		-4.56
445	V445A	-0.04	-0.08
445	V445C	-0.8	-0.35
445	V445D	-0.16	0.1
445	V445E	-0.18	0.06
445	V445F	-0.1	-0.24
445	V445G	-0.29	-0.15
445	V445H	-0.02	-0.13
445	V445I	-0.01	-0.04
445	V445K	0.02	0.03
445	V445L	-0.03	-0.15
445	V445M	-0.14	-0.08
445	V445N	-0.06	0.03
445	V445P	0.03	0.05
445	V445Q	-0.04	-0.05
445	V445R	-0.01	-0.26
445	V445S	-0.1	-0.12
445	V445T	-0.02	-0.09
445	V445V	0.0	0.0
445	V445W	-0.03	-0.36
445	V445Y	-0.14	-0.24
445	V445*		-4.58
446	G446A	-0.26	-0.26
446	G446C	-0.97	-0.96
446	G446D	-0.2	-0.1
446	G446E	-0.12	-0.12
446	G446F	-0.31	-0.49
446	G446G	0.0	0.0
446	G446H	-0.28	-0.22
446	G446I	-0.26	-0.62
446	G446K	-0.09	-0.47
446	G446L	-0.28	-0.6
446	G446M	-0.23	-0.48
446	G446N	-0.11	-0.16
446	G446P	-0.26	-0.56
446	G446Q	-0.17	-0.46
446	G446R	-0.16	-0.4
446	G446S	-0.2	-0.4
446	G446T	-0.19	-0.35
446	G446V	-0.27	-0.48
446	G446W	-0.2	-0.72
446	G446Y	-0.34	-0.69
446	G446*		-4.55
447	G447A	-1.18	-0.28
447	G447C	-1.78	-0.43
447	G447D	-1.76	-0.19
447	G447E	-1.63	-0.2
447	G447F	-1.68	-0.65
447	G447G	0.0	0.0
447	G447H	-1.87	-0.23
447	G447I	-1.55	-0.5
447	G447K	-1.54	-0.29
447	G447L	-1.54	-0.44
447	G447M	-1.53	-0.44
447	G447N	-1.47	-0.43
447	G447P	-1.81	-0.59
447	G447Q	-1.59	-0.38
447	G447R	-1.57	-0.64
447	G447S	-1.24	-0.18
447	G447T	-1.4	-0.23
447	G447V	-1.52	-0.44
447	G447W	-1.74	-1.94
447	G447Y	-1.59	-0.65
447	G447*		-4.59
448	N448A	-0.56	-0.66
448	N448C	-0.91	-0.88
448	N448D	-0.67	-0.28
448	N448E	-0.39	-0.1
448	N448F	-1.15	-1.26
448	N448G	-0.91	-0.11
448	N448H	-0.88	-0.41
448	N448I	-1.42	-1.68
448	N448K	-1.18	-0.68
448	N448L	-1.29	-1.54
448	N448M	-0.77	-0.8
448	N448N	0.0	0.0
448	N448P	-1.65	-0.64
448	N448Q	-0.42	-0.32
448	N448R	-1.05	-0.59
448	N448S	-0.89	-0.16
448	N448T	-0.77	-0.25
448	N448V	-0.87	-0.78
448	N448W	-1.31	-1.55
448	N448Y	-0.68	-0.88
448	N448*		-4.55
449	Y449A	-1.3	0.05
449	Y449C	-1.73	-0.17
449	Y449D	-1.55	0.29
449	Y449E	-1.57	0.12
449	Y449F	-1.08	-0.03
449	Y449G	-1.28	0.06
449	Y449H	-1.22	0.12
449	Y449I	-1.44	-0.21
449	Y449K	-0.98	-0.03
449	Y449L	-1.51	-0.3
449	Y449M	-1.37	-0.04
449	Y449N	-1.22	0.07
449	Y449P	-1.41	0.07
449	Y449Q	-1.22	0.18
449	Y449R	-0.69	-0.02
449	Y449S	-1.25	0.12
449	Y449T	-1.16	0.09
449	Y449V	-1.36	-0.1
449	Y449W	-1.43	-0.23
449	Y449Y	0.0	0.0
449	Y449*		-4.55
450	N450A	0.0	-0.11
450	N450C	-0.33	-0.77
450	N450D	-0.02	0.04
450	N450E	-0.11	0.15
450	N450F	-0.26	-0.58
450	N450G	-0.05	-0.1
450	N450H	-0.08	-0.1
450	N450I	-0.18	-0.43
450	N450K	0.04	-0.01
450	N450L	-0.14	-0.39
450	N450M	-0.02	-0.29
450	N450N	0.0	0.0
450	N450P	-1.56	-0.14
450	N450Q	0.02	0.04
450	N450R	-0.06	-0.13
450	N450S	-0.07	-0.02
450	N450T	-1.11	0.08
450	N450V	-0.18	-0.33
450	N450W	-0.16	-0.61
450	N450Y	-0.13	-0.43
450	N450*		-4.52
451	Y451A	-0.84	-1.27
451	Y451C	-0.64	-1.26
451	Y451D	-2.54	-2.21
451	Y451E	-1.46	-2.2
451	Y451F	-0.09	-0.23
451	Y451G	-2.37	-2.16
451	Y451H	-0.11	-0.42
451	Y451I	-0.44	-0.89
451	Y451K	-0.7	-1.38
451	Y451L	-0.29	-0.15
451	Y451M	-0.34	-0.58
451	Y451N	-0.58	-1.58
451	Y451P	-1.25	-1.23
451	Y451Q	-0.13	-0.72
451	Y451R	-1.23	-1.89
451	Y451S	-0.83	-1.45
451	Y451T	-1.24	-1.77
451	Y451V	-0.79	-1.45
451	Y451W	-0.85	-1.76
451	Y451Y	0.0	0.0
451	Y451*		-4.56
452	L452A	0.05	0.03
452	L452C	-0.06	-0.11
452	L452D	-0.16	-0.41
452	L452E	0.02	0.08
452	L452F	-0.01	0.05
452	L452G	0.02	0.02
452	L452H	0.0	0.17
452	L452I	0.0	-0.42
452	L452K	0.09	0.58
452	L452L	0.0	0.0
452	L452M	0.06	0.16
452	L452N	0.01	-0.13
452	L452P	-1.43	-2.45
452	L452Q	0.07	0.27
452	L452R	0.02	0.32
452	L452S	0.03	0.4
452	L452T	0.03	0.09
452	L452V	0.02	-0.1
452	L452W	-0.06	0.03
452	L452Y	-0.07	0.14
452	L452*		-4.55
453	Y453A	-0.27	-0.87
453	Y453C	-0.26	-1.05
453	Y453D	-3.49	-2.28
453	Y453E	-1.18	-1.92
453	Y453F	0.25	-0.08
453	Y453G	-0.92	-2.34
453	Y453H	-0.07	-0.58
453	Y453I	-0.53	-1.83
453	Y453K	0.08	-0.23
453	Y453L	-0.17	-1.37
453	Y453M	-0.05	-0.67
453	Y453N	-0.82	-1.52
453	Y453P	-4.8	-2.56
453	Y453Q	-0.37	-1.21
453	Y453R	-0.3	0.01
453	Y453S	-0.21	-0.34
453	Y453T	-0.55	-1.71
453	Y453V	-0.11	-1.0
453	Y453W	-0.16	-1.27
453	Y453Y	0.0	0.0
453	Y453*		-4.55
454	R454A	-3.04	-2.64
454	R454C	-4.8	-2.33
454	R454D	-4.6	-2.43
454	R454E	-4.39	-2.38
454	R454F	-4.7	-2.1
454	R454G	-4.72	-2.4
454	R454H	-4.74	-2.42
454	R454I	-4.39	-1.58
454	R454K	-1.12	-2.19
454	R454L	-4.73	-2.15
454	R454M	-4.56	-2.42
454	R454N	-4.14	-2.55
454	R454P	-4.8	-2.63
454	R454Q	-4.8	-2.48
454	R454R	0.0	0.0
454	R454S	-4.32	-2.49
454	R454T	-4.41	-2.49
454	R454V	-4.77	-2.27
454	R454W	-3.9	-2.6
454	R454Y	-4.06	-2.59
454	R454*		-4.58
455	L455A	-0.47	0.58
455	L455C	-0.71	0.23
455	L455D	-2.25	0.19
455	L455E	-2.05	0.26
455	L455F	-0.19	-0.05
455	L455G	-0.54	0.14
455	L455H	-0.76	0.36
455	L455I	-0.01	0.07
455	L455K	-1.99	0.75
455	L455L	0.0	0.0
455	L455M	0.05	0.31
455	L455N	-0.8	0.79
455	L455P	-0.95	0.13
455	L455Q	-0.63	
455	L455R	-1.6	0.74
455	L455S	-0.78	0.45
455	L455T	-0.78	0.15
455	L455V	-0.73	0.21
455	L455W	-0.27	-0.03
455	L455Y	-1.5	-0.1
455	L455*		-4.43
456	F456A	-2.17	-0.1
456	F456C	-1.2	-0.29
456	F456D	-4.55	-0.69
456	F456E	-2.45	-0.41
456	F456F	0.0	0.0
456	F456G	-2.22	-0.19
456	F456H	-0.69	0.11
456	F456I	-1.21	-0.15
456	F456K	-1.38	-0.17
456	F456L	-0.11	-0.49
456	F456M	-0.22	-0.37
456	F456N	-2.38	-0.1
456	F456P	-2.69	-2.53
456	F456Q	-2.07	-0.35
456	F456R	-2.08	-0.11
456	F456S	-2.42	-0.35
456	F456T	-1.65	-0.26
456	F456V	-0.61	-0.16
456	F456W	-1.01	-0.04
456	F456Y	-1.5	0.48
456	F456*		-3.89
457	R457A	-0.45	-1.6
457	R457C	-2.15	-2.21
457	R457D	-2.15	-2.34
457	R457E	-2.78	-2.26
457	R457F	-3.05	-2.54
457	R457G	-0.65	-1.97
457	R457H	-0.66	-1.99
457	R457I	-2.82	-2.34
457	R457K	-0.32	-1.58
457	R457L	-1.65	-2.34
457	R457M	-1.02	-2.52
457	R457N	-0.91	-2.06
457	R457P	-3.97	-2.48
457	R457Q	-1.32	-2.55
457	R457R	0.0	0.0
457	R457S	-0.56	-1.68
457	R457T	-1.86	-2.48
457	R457V	-3.49	-2.53
457	R457W	-4.11	-2.54
457	R457Y	-3.37	-2.45
457	R457*		-4.6
458	K458A	-0.01	-0.19
458	K458C	-0.16	-1.03
458	K458D	0.09	-0.06
458	K458E	0.06	-0.08
458	K458F	-0.11	-0.92
458	K458G	-0.07	-0.28
458	K458H	0.0	-0.15
458	K458I	-0.16	-0.55
458	K458K	0.0	0.0
458	K458L	-0.12	-0.59
458	K458M	-0.04	-0.51
458	K458N	-0.12	-0.15
458	K458P	0.03	-0.17
458	K458Q	0.0	-0.28
458	K458R	-0.01	-0.15
458	K458S	-0.04	-0.05
458	K458T	0.0	-0.14
458	K458V	-0.06	-0.51
458	K458W	-0.24	-0.96
458	K458Y	-0.09	-0.69
458	K458*		-4.53
459	S459A	-0.03	-0.1
459	S459C	-0.14	-0.25
459	S459D	0.01	0.0
459	S459E	0.01	0.11
459	S459F	-0.1	-0.69
459	S459G	0.05	-0.16
459	S459H	-0.02	-0.07
459	S459I	-0.09	-0.5
459	S459K	-0.02	0.1
459	S459L	-0.21	-0.92
459	S459M	-0.1	-0.49
459	S459N	0.03	0.01
459	S459P	-0.22	-0.83
459	S459Q	-0.03	0.17
459	S459R	-0.01	-0.06
459	S459S	0.0	0.0
459	S459T	0.01	0.09
459	S459V	0.0	-0.19
459	S459W	-0.21	-1.04
459	S459Y	-0.09	-0.62
459	S459*		-4.58
460	N460A	0.03	0.02
460	N460C	-0.07	-0.27
460	N460D	-0.06	-0.42
460	N460E	-0.03	-0.26
460	N460F	-0.09	-0.44
460	N460G	-0.09	-0.79
460	N460H	0.02	-0.02
460	N460I	0.02	-0.08
460	N460K	0.09	0.16
460	N460L	-0.05	-0.17
460	N460M	-0.04	-0.29
460	N460N	0.0	0.0
460	N460P	-0.01	0.07
460	N460Q	0.02	-0.15
460	N460R	0.06	0.09
460	N460S	-0.08	-0.15
460	N460T	-0.16	-0.05
460	N460V	0.05	-0.08
460	N460W	-0.29	-1.04
460	N460Y	-0.04	-0.32
460	N460*		-4.58
461	L461A	-1.0	-2.29
461	L461C	-0.63	-1.78
461	L461D	-4.8	-2.36
461	L461E	-4.12	-2.34
461	L461F	-0.88	-2.19
461	L461G	-3.34	-2.37
461	L461H	-2.22	-2.47
461	L461I	-0.01	0.0
461	L461K	-3.78	-2.4
461	L461L	0.0	0.0
461	L461M	-0.22	-0.82
461	L461N	-0.98	-2.27
461	L461P	-3.7	-2.55
461	L461Q	-2.11	-2.73
461	L461R	-4.8	-2.61
461	L461S	-1.31	-2.41
461	L461T	-0.75	-2.04
461	L461V	-0.04	-0.28
461	L461W	-4.56	-2.52
461	L461Y	-1.14	-2.47
461	L461*		-4.58
462	K462A	-0.07	-0.15
462	K462C	-0.11	-0.59
462	K462D	-0.08	-0.46
462	K462E	-0.01	-0.03
462	K462F	-0.09	-0.76
462	K462G	-0.06	-0.39
462	K462H	-0.24	-0.21
462	K462I	-0.13	-0.8
462	K462K	0.0	0.0
462	K462L	-0.07	-0.21
462	K462M	-0.04	-0.26
462	K462N	-0.08	-0.33
462	K462P	-0.34	-1.23
462	K462Q	-0.02	-0.15
462	K462R	-0.05	-0.13
462	K462S	-0.09	-0.28
462	K462T	-0.05	-0.32
462	K462V	-0.08	-0.66
462	K462W	-0.21	-1.78
462	K462Y	-0.08	-0.63
462	K462*		-4.57
463	P463A	-0.07	-0.48
463	P463C	-0.57	-1.62
463	P463D	-0.47	-1.71
463	P463E	-0.32	-1.23
463	P463F	-0.53	-1.67
463	P463G	-0.2	-1.11
463	P463H	-0.53	-1.82
463	P463I	-0.74	-1.76
463	P463K	-0.63	-1.94
463	P463L	-0.84	-1.9
463	P463M	-0.71	-1.82
463	P463N	-0.53	-1.98
463	P463P	0.0	0.0
463	P463Q	-0.44	-1.67
463	P463R	-0.75	-2.04
463	P463S	-0.2	-1.06
463	P463T	-0.59	-1.81
463	P463V	-0.6	-1.58
463	P463W	-0.57	-0.81
463	P463Y	-0.56	-1.81
463	P463*		-4.57
464	F464A	-0.16	-0.94
464	F464C	-0.29	-1.35
464	F464D	-0.39	-1.44
464	F464E	-0.29	-1.13
464	F464F	0.0	0.0
464	F464G	-0.02	-0.02
464	F464H	-0.07	-0.44
464	F464I	-0.66	-1.91
464	F464K	-0.51	-1.71
464	F464L	-0.12	-0.72
464	F464M	-0.06	-0.52
464	F464N	-0.11	-0.65
464	F464P	-2.14	-2.4
464	F464Q	-0.12	-0.85
464	F464R	-0.23	-1.21
464	F464S	-0.18	-0.75
464	F464T	-0.35	-1.32
464	F464V	-0.57	-1.91
464	F464W	-0.1	-0.34
464	F464Y	-0.04	0.19
464	F464*		-4.58
465	E465A	-0.18	-1.03
465	E465C	-0.44	-1.47
465	E465D	-0.12	-0.57
465	E465E	0.0	0.0
465	E465F	-0.64	-2.04
465	E465G	-0.11	-0.79
465	E465H	-0.23	-0.96
465	E465I	-0.66	-2.45
465	E465K	-0.51	-1.78
465	E465L	-0.68	-2.29
465	E465M	-0.29	-1.41
465	E465N	-0.39	-1.32
465	E465P	-4.41	-2.59
465	E465Q	-0.02	0.01
465	E465R	-0.6	-1.71
465	E465S	-0.29	-1.51
465	E465T	-0.13	-1.09
465	E465V	-0.45	-2.0
465	E465W	-0.69	-2.19
465	E465Y	-0.65	-1.87
465	E465*		-4.58
466	R466A	-0.6	-1.7
466	R466C	-0.38	-1.41
466	R466D	-1.21	-2.48
466	R466E	-0.74	-2.2
466	R466F	-0.74	-2.18
466	R466G	-0.97	-2.34
466	R466H	-0.2	-0.97
466	R466I	-0.35	-1.44
466	R466K	-0.03	-0.22
466	R466L	-0.36	-1.44
466	R466M	-0.25	-1.35
466	R466N	-0.63	-1.89
466	R466P	-1.26	-2.42
466	R466Q	-0.08	-0.36
466	R466R	0.0	0.0
466	R466S	-0.46	-1.41
466	R466T	-0.52	-1.75
466	R466V	-0.41	-1.73
466	R466W	-0.58	-1.83
466	R466Y	-0.58	-2.01
466	R466*		-4.58
467	D467A	-1.29	-2.49
467	D467C	-0.84	-2.47
467	D467D	0.0	0.0
467	D467E	-0.8	-2.27
467	D467F	-1.36	-2.85
467	D467G	-1.55	-2.54
467	D467H	-1.2	-2.47
467	D467I	-1.59	-2.81
467	D467K	-4.03	-2.48
467	D467L	-2.71	-2.78
467	D467M	-2.27	-2.75
467	D467N	-1.14	-2.02
467	D467P	-3.73	-2.43
467	D467Q	-1.6	-2.51
467	D467R	-3.95	-2.55
467	D467S	-0.92	-2.39
467	D467T	-1.63	-2.61
467	D467V	-1.09	-2.75
467	D467W	-2.67	-2.78
467	D467Y	-1.54	-2.77
467	D467*		-4.31
468	I468A	-0.11	-0.37
468	I468C	-0.09	-0.31
468	I468D	-0.08	-0.16
468	I468E	-0.11	0.02
468	I468F	-0.19	-1.04
468	I468G	-0.21	-0.88
468	I468H	-0.18	-0.87
468	I468I	0.0	0.0
468	I468K	-0.06	-0.5
468	I468L	-0.04	-0.03
468	I468M	0.07	-0.19
468	I468N	-0.03	-0.07
468	I468P	-0.22	-0.83
468	I468Q	0.0	-0.26
468	I468R	-0.12	-0.43
468	I468S	-0.07	-0.36
468	I468T	-0.14	0.17
468	I468V	-0.03	0.07
468	I468W	-0.3	-1.25
468	I468Y	-0.21	-0.85
468	I468*		-4.53
469	S469A	-0.06	-0.66
469	S469C	-0.22	-0.91
469	S469D	-0.03	-0.37
469	S469E	-0.09	-0.7
469	S469F	-0.65	-2.14
469	S469G	-0.05	-0.29
469	S469H	-0.37	-1.12
469	S469I	-0.65	-2.0
469	S469K	-0.15	-0.7
469	S469L	-0.48	-1.79
469	S469M	-0.29	-1.75
469	S469N	-0.08	-0.35
469	S469P	-2.57	-2.41
469	S469Q	-0.08	-0.97
469	S469R	-0.15	-0.56
469	S469S	0.0	0.0
469	S469T	0.03	-0.11
469	S469V	-0.51	-1.64
469	S469W	-0.81	-2.16
469	S469Y	-0.56	-1.96
469	S469*		-4.56
470	T470A	-0.04	-0.25
470	T470C	-0.07	-0.22
470	T470D	-0.07	-0.27
470	T470E	0.01	-0.07
470	T470F	-0.12	-0.92
470	T470G	-0.12	-0.51
470	T470H	-0.06	-0.31
470	T470I	-0.09	-0.47
470	T470K	-0.02	-0.2
470	T470L	-0.09	-0.35
470	T470M	-0.07	-0.25
470	T470N	-0.02	-0.18
470	T470P	-0.25	-1.09
470	T470Q	0.03	-0.08
470	T470R	-0.03	-0.17
470	T470S	-0.02	-0.2
470	T470T	0.0	0.0
470	T470V	-0.09	-0.33
470	T470W	-0.2	-1.05
470	T470Y	-0.07	-0.53
470	T470*		-4.57
471	E471A	-0.1	-0.28
471	E471C	-0.41	-0.79
471	E471D	0.01	0.05
471	E471E	0.0	0.0
471	E471F	-0.07	-0.76
471	E471G	-0.08	-0.26
471	E471H	-0.07	-0.25
471	E471I	-0.15	-0.84
471	E471K	-0.15	-0.35
471	E471L	-0.18	-0.96
471	E471M	-0.11	-0.65
471	E471N	-0.03	-0.13
471	E471P	-0.16	-0.88
471	E471Q	-0.06	-0.19
471	E471R	-0.12	-0.53
471	E471S	-0.04	-0.22
471	E471T	-0.06	-0.22
471	E471V	-0.06	-0.49
471	E471W	-0.28	-1.19
471	E471Y	-0.14	-0.82
471	E471*		-4.57
472	I472A	-0.69	-0.5
472	I472C	-0.95	-0.42
472	I472D	-2.09	-0.9
472	I472E	-1.34	-0.93
472	I472F	-0.23	-0.52
472	I472G	-2.17	-0.77
472	I472H	-0.37	-0.91
472	I472I	0.0	0.0
472	I472K	-0.99	-0.88
472	I472L	-0.1	-0.13
472	I472M	0.02	-0.2
472	I472N	-1.11	-0.84
472	I472P	-0.49	-0.07
472	I472Q	-0.59	-0.85
472	I472R	-1.42	-1.02
472	I472S	-1.04	-0.79
472	I472T	-0.18	-0.39
472	I472V	-0.38	-0.12
472	I472W	-0.71	-0.5
472	I472Y	-0.23	-0.43
472	I472*		-4.56
473	Y473A	-2.18	-0.91
473	Y473C	-2.1	-1.0
473	Y473D	-2.72	-0.65
473	Y473E	-1.86	-0.71
473	Y473F	-0.16	-0.1
473	Y473G	-2.74	-1.21
473	Y473H	-0.16	-0.3
473	Y473I	-1.23	-0.44
473	Y473K	-2.59	-1.26
473	Y473L	-0.65	-0.57
473	Y473M	-0.66	-0.49
473	Y473N	-2.23	-0.88
473	Y473P	-4.8	-0.97
473	Y473Q	-1.95	-0.84
473	Y473R	-2.59	-1.25
473	Y473S	-2.13	-0.99
473	Y473T	-1.85	-0.93
473	Y473V	-1.2	-0.26
473	Y473W	-0.81	-0.31
473	Y473Y	0.0	0.0
473	Y473*		-4.55
474	Q474A	-0.06	-0.39
474	Q474C	-1.18	-1.1
474	Q474D	-0.14	-0.38
474	Q474E	-0.08	-0.24
474	Q474F	-0.93	-1.5
474	Q474G	-0.13	-0.53
474	Q474H	-0.18	-0.55
474	Q474I	-0.51	-1.35
474	Q474K	-0.12	-0.57
474	Q474L	-0.74	-1.69
474	Q474M	-0.18	-0.68
474	Q474N	-0.04	-0.18
474	Q474P	-0.16	-0.33
474	Q474Q	0.0	0.0
474	Q474R	-0.12	-0.65
474	Q474S	-0.13	-0.26
474	Q474T	-0.16	-0.59
474	Q474V	-0.28	-0.97
474	Q474W	-0.54	-2.03
474	Q474Y	-0.65	-1.5
474	Q474*		-4.51
475	A475A	0.0	0.0
475	A475C	-0.66	-0.36
475	A475D	-2.01	-0.23
475	A475E	-0.48	-0.21
475	A475F	-1.38	-0.29
475	A475G	-0.13	-0.14
475	A475H	-1.98	-0.9
475	A475I	-0.48	-0.27
475	A475K	-1.06	-0.26
475	A475L	-1.27	-0.31
475	A475M	-0.38	-0.16
475	A475N	-1.67	0.17
475	A475P	-1.62	-1.39
475	A475Q	-0.8	-0.49
475	A475R	-0.86	-0.28
475	A475S	-0.1	-0.19
475	A475T	-0.36	-0.29
475	A475V	-0.14	-0.21
475	A475W	-2.26	-1.09
475	A475Y	-1.69	-0.44
475	A475*		-4.4
476	G476A	-0.26	-0.31
476	G476C	-1.89	-1.32
476	G476D	-0.54	-0.23
476	G476E	-1.35	-0.53
476	G476F	-1.22	-1.64
476	G476G	0.0	0.0
476	G476H	-0.38	-0.92
476	G476I	-2.31	-1.79
476	G476K	-1.68	-0.72
476	G476L	-2.51	-1.62
476	G476M	-1.67	-1.19
476	G476N	-0.84	-0.48
476	G476P	-2.56	-1.26
476	G476Q	-1.12	-0.65
476	G476R	-1.18	-0.87
476	G476S	-0.02	-0.06
476	G476T	-0.89	-0.33
476	G476V	-1.96	-1.32
476	G476W	-0.57	-1.42
476	G476Y	-0.98	-1.6
476	G476*		-4.58
477	S477A	-0.07	-0.01
477	S477C	-0.44	-0.4
477	S477D	0.09	0.12
477	S477E	-0.04	0.36
477	S477F	-0.05	-0.25
477	S477G	-0.06	-0.17
477	S477H	-0.02	-0.12
477	S477I	-0.06	-0.23
477	S477K	0.03	-0.26
477	S477L	-0.02	-0.23
477	S477M	-0.07	-0.26
477	S477N	0.06	0.06
477	S477P	0.06	-0.03
477	S477Q	-0.01	-0.15
477	S477R	-0.03	-0.12
477	S477S	0.0	0.0
477	S477T	-0.01	-0.04
477	S477V	-0.05	-0.21
477	S477W	0.02	-0.43
477	S477Y	-0.02	-0.42
477	S477*		-4.52
478	T478A	-0.03	-0.11
478	T478C	-0.25	-0.28
478	T478D	-0.06	-0.17
478	T478E	-0.07	-0.04
478	T478F	-0.08	-0.26
478	T478G	-0.12	-0.32
478	T478H	-0.02	-0.22
478	T478I	-0.04	-0.16
478	T478K	0.02	0.02
478	T478L	-0.08	-0.2
478	T478M	-0.02	-0.3
478	T478N	-0.06	-0.26
478	T478P	-0.31	-0.63
478	T478Q	0.01	-0.04
478	T478R	-0.04	-0.09
478	T478S	-0.01	-0.09
478	T478T	0.0	0.0
478	T478V	-0.06	-0.2
478	T478W	-0.11	-0.56
478	T478Y	-0.04	-0.31
478	T478*		-4.57
479	P479A	-0.02	-0.17
479	P479C	-0.17	-0.62
479	P479D	-0.03	-0.06
479	P479E	0.02	-0.16
479	P479F	-0.11	-0.73
479	P479G	-0.04	-0.44
479	P479H	-0.07	-0.32
479	P479I	-0.13	-0.37
479	P479K	-0.03	-0.11
479	P479L	-0.06	-0.35
479	P479M	-0.05	-0.3
479	P479N	-0.05	-0.23
479	P479P	0.0	0.0
479	P479Q	-0.03	-0.16
479	P479R	-0.06	-0.24
479	P479S	-0.03	-0.2
479	P479T	-0.1	-0.29
479	P479V	-0.07	-0.33
479	P479W	-0.29	-1.31
479	P479Y	-0.08	-0.49
479	P479*		-4.57
480	C480A	-3.45	-1.35
480	C480C	0.0	0.0
480	C480D	-3.29	-1.0
480	C480E	-3.59	-0.99
480	C480F	-3.84	-1.81
480	C480G	-3.44	-1.26
480	C480H	-3.65	-1.67
480	C480I	-3.81	-1.27
480	C480K	-3.72	-1.28
480	C480L	-3.86	-1.43
480	C480M	-3.94	-1.54
480	C480N	-3.47	-1.18
480	C480P	-3.52	-1.14
480	C480Q	-3.8	-1.01
480	C480R	-3.56	-1.44
480	C480S	-3.38	-1.43
480	C480T	-3.49	-0.91
480	C480V	-3.35	-1.39
480	C480W	-3.62	-1.86
480	C480Y	-3.55	-1.56
480	C480*		-4.53
481	N481A	-0.06	-0.2
481	N481C	-0.17	-0.34
481	N481D	-0.07	-0.08
481	N481E	-0.08	-0.15
481	N481F	-0.08	-0.29
481	N481G	-0.08	0.04
481	N481H	-0.02	-0.16
481	N481I	-0.19	-0.81
481	N481K	0.01	-0.11
481	N481L	-0.05	-0.42
481	N481M	-0.02	-0.39
481	N481N	0.0	0.0
481	N481P	-0.29	-0.95
481	N481Q	-0.04	-0.03
481	N481R	0.02	-0.09
481	N481S	-0.04	-0.16
481	N481T	-0.11	-0.26
481	N481V	-0.12	-0.49
481	N481W	-0.09	-1.05
481	N481Y	-0.08	-0.32
481	N481*		-4.58
482	G482A	-0.08	-0.35
482	G482C	-0.3	-0.74
482	G482D	-0.02	-0.14
482	G482E	-0.03	-0.1
482	G482F	-0.23	-0.85
482	G482G	0.0	0.0
482	G482H	-0.06	-0.66
482	G482I	-0.57	-1.1
482	G482K	-0.06	-0.27
482	G482L	-0.19	-0.99
482	G482M	-0.25	-1.11
482	G482N	-0.02	-0.07
482	G482P	-0.53	-0.72
482	G482Q	0.04	-0.31
482	G482R	-0.1	-0.65
482	G482S	-0.08	-0.3
482	G482T	-0.21	-0.5
482	G482V	-0.45	-1.11
482	G482W	-0.36	-1.68
482	G482Y	-0.2	-0.96
482	G482*		-4.52
483	V483A	-0.03	0.09
483	V483C	-0.05	-0.22
483	V483D	-0.02	-0.1
483	V483E	-0.03	-0.01
483	V483F	-0.01	-0.31
483	V483G	-0.04	-0.21
483	V483H	0.0	-0.09
483	V483I	-0.03	-0.14
483	V483K	0.05	0.14
483	V483L	0.06	-0.02
483	V483M	-0.01	0.03
483	V483N	0.03	-0.06
483	V483P	-0.7	-0.44
483	V483Q	0.05	0.08
483	V483R	0.05	-0.06
483	V483S	-0.08	0.08
483	V483T	-0.17	0.3
483	V483V	0.0	0.0
483	V483W	-0.17	-0.83
483	V483Y	-0.05	-0.26
483	V483*		-4.58
484	E484A	-0.07	-0.23
484	E484C	-0.52	-0.61
484	E484D	-0.38	-0.19
484	E484E	0.0	0.0
484	E484F	-1.43	-0.63
484	E484G	-0.06	-0.42
484	E484H	-0.55	-0.29
484	E484I	-0.64	-0.27
484	E484K	0.06	-0.1
484	E484L	-0.71	-0.2
484	E484M	-0.26	-0.24
484	E484N	-0.08	-0.19
484	E484P	-0.28	-0.02
484	E484Q	0.03	-0.08
484	E484R	0.15	-0.12
484	E484S	-0.02	-0.18
484	E484T	0.05	-0.03
484	E484V	-0.65	-0.05
484	E484W	-0.78	-0.77
484	E484Y	-1.51	-0.63
484	E484*		-4.57
485	G485A	-0.19	-0.21
485	G485C	-0.59	-0.55
485	G485D	-0.58	-0.22
485	G485E	-0.43	-0.4
485	G485F	-0.8	-1.25
485	G485G	0.0	0.0
485	G485H	-0.45	-0.45
485	G485I	-0.66	-1.22
485	G485K	-0.02	-0.1
485	G485L	-0.64	-1.07
485	G485M	-0.28	-0.56
485	G485N	-0.43	-0.4
485	G485P	-1.53	-0.68
485	G485Q	-0.11	-0.23
485	G485R	-0.18	-0.54
485	G485S	-0.2	-0.11
485	G485T	-0.22	-0.21
485	G485V	-0.67	-1.16
485	G485W	-0.57	-1.17
485	G485Y	-0.7	-1.17
485	G485*		-4.54
486	F486A	-0.34	0.1
486	F486C	-1.2	-0.07
486	F486D	-1.69	0.11
486	F486E	-1.63	0.28
486	F486F	0.0	0.0
486	F486G	-0.77	-0.08
486	F486H	-0.42	0.05
486	F486I	-0.38	0.04
486	F486K	-0.62	0.18
486	F486L	-0.47	0.03
486	F486M	-0.53	0.04
486	F486N	-0.82	0.04
486	F486P	-0.18	0.22
486	F486Q	-0.72	0.22
486	F486R	-0.38	0.15
486	F486S	-0.63	0.13
486	F486T	-0.71	0.13
486	F486V	-0.43	0.07
486	F486W	-0.23	-0.12
486	F486Y	-0.34	0.04
486	F486*		-4.55
487	N487A	-1.74	-0.22
487	N487C	-2.41	-0.49
487	N487D	-1.08	0.07
487	N487E	-2.06	-0.01
487	N487F	-2.29	-0.63
487	N487G	-1.59	0.1
487	N487H	-1.87	-0.3
487	N487I	-2.77	-1.7
487	N487K	-2.3	-0.09
487	N487L	-2.2	-0.37
487	N487M	-2.12	-0.27
487	N487N	0.0	0.0
487	N487P	-2.64	-1.34
487	N487Q	-2.09	0.15
487	N487R	-2.3	-0.25
487	N487S	-1.51	-0.2
487	N487T	-1.93	-0.38
487	N487V	-2.47	-1.64
487	N487W	-2.39	-0.53
487	N487Y	-2.3	-0.72
487	N487*		-4.54
488	C488A	-2.97	-1.3
488	C488C	0.0	0.0
488	C488D	-4.54	-0.98
488	C488E	-3.57	-1.19
488	C488F	-4.75	-1.81
488	C488G	-4.3	-1.28
488	C488H	-3.61	-1.59
488	C488I	-4.79	-1.8
488	C488K	-2.93	-1.38
488	C488L	-4.34	-1.63
488	C488M	-3.61	-1.59
488	C488N	-3.09	-1.01
488	C488P	-4.78	-1.33
488	C488Q	-2.84	-1.47
488	C488R	-2.84	-1.29
488	C488S	-2.84	-1.15
488	C488T	-3.34	-1.34
488	C488V	-4.55	-1.72
488	C488W	-4.61	-1.51
488	C488Y	-4.69	-1.72
488	C488*		-4.58
489	Y489A	-2.46	-0.31
489	Y489C	-3.24	-0.16
489	Y489D	-3.37	-0.56
489	Y489E	-3.98	-0.28
489	Y489F	-0.95	-0.12
489	Y489G	-4.32	-0.83
489	Y489H	-0.66	0.11
489	Y489I	-2.22	-0.05
489	Y489K	-4.33	-0.04
489	Y489L	-2.2	-0.1
489	Y489M	-1.98	-0.06
489	Y489N	-2.57	-0.16
489	Y489P	-2.26	-0.36
489	Y489Q	-2.2	-0.18
489	Y489R	-3.79	-0.1
489	Y489S	-4.8	0.06
489	Y489T	-4.61	0.04
489	Y489V	-2.15	-0.1
489	Y489W	-0.68	-0.1
489	Y489Y	0.0	0.0
489	Y489*		-4.55
490	F490A	0.03	0.03
490	F490C	-0.11	-0.4
490	F490D	-0.08	-0.33
490	F490E	-0.12	-0.18
490	F490F	0.0	0.0
490	F490G	-0.08	-0.46
490	F490H	-0.05	-0.04
490	F490I	-0.16	-0.47
490	F490K	0.09	-0.07
490	F490L	-0.11	-0.35
490	F490M	-0.03	-0.2
490	F490N	0.02	0.03
490	F490P	-0.09	-0.13
490	F490Q	-0.02	0.02
490	F490R	0.01	-0.05
490	F490S	0.0	-0.1
490	F490T	-0.04	-0.25
490	F490V	-0.08	-0.36
490	F490W	-0.05	-0.03
490	F490Y	0.06	0.1
490	F490*		-4.44
491	P491A	-0.45	-1.54
491	P491C	-1.45	-1.89
491	P491D	-2.34	-1.89
491	P491E	-0.71	-2.04
491	P491F	-4.75	-2.47
491	P491G	-0.93	-1.75
491	P491H	-3.76	-2.33
491	P491I	-3.99	-2.46
491	P491K	-4.39	-2.61
491	P491L	-4.65	-2.43
491	P491M	-2.02	-2.38
491	P491N	-2.05	-1.9
491	P491P	0.0	0.0
491	P491Q	-1.34	-1.99
491	P491R	-4.8	-2.44
491	P491S	-0.57	-1.49
491	P491T	-1.58	-1.64
491	P491V	-1.77	-2.34
491	P491W	-4.49	-2.26
491	P491Y	-4.8	-2.54
491	P491*		-4.56
492	L492A	-4.06	-2.22
492	L492C	-0.77	-2.0
492	L492D	-4.15	-2.45
492	L492E	-3.08	-2.47
492	L492F	-0.52	-0.95
492	L492G	-4.17	-2.45
492	L492H	-1.25	-2.14
492	L492I	0.03	-0.36
492	L492K	-1.52	-2.39
492	L492L	0.0	0.0
492	L492M	-0.27	-1.07
492	L492N	-1.21	-1.53
492	L492P	-4.78	-2.47
492	L492Q	-1.19	-2.36
492	L492R	-1.21	-2.28
492	L492S	-3.32	-2.41
492	L492T	-0.78	-1.86
492	L492V	-0.17	-0.86
492	L492W	-1.9	-2.54
492	L492Y	-1.16	-2.28
492	L492*		-4.57
493	Q493A	0.13	0.06
493	Q493C	-0.03	-0.46
493	Q493D	-1.57	-0.1
493	Q493E	-0.56	-0.02
493	Q493F	0.06	-0.74
493	Q493G	0.01	-0.08
493	Q493H	-0.01	-0.17
493	Q493I	-0.08	-0.39
493	Q493K	0.05	0.03
493	Q493L	0.05	-0.44
493	Q493M	0.18	-0.07
493	Q493N	-0.21	-0.23
493	Q493P	-0.72	-2.1
493	Q493Q	0.0	0.0
493	Q493R	-0.09	-0.06
493	Q493S	-0.18	-0.05
493	Q493T	-0.08	-0.09
493	Q493V	0.05	-0.1
493	Q493W	-0.14	-0.76
493	Q493Y	0.12	-0.97
493	Q493*		-4.54
494	S494A	0.03	0.01
494	S494C	-0.11	-0.73
494	S494D	-1.1	-0.61
494	S494E	-0.07	-0.36
494	S494F	-0.19	-0.94
494	S494G	-0.34	-0.15
494	S494H	0.06	-0.17
494	S494I	-0.64	-0.96
494	S494K	0.05	-0.03
494	S494L	-0.35	-1.02
494	S494M	-0.03	-0.87
494	S494N	-0.02	-0.14
494	S494P	0.0	-0.02
494	S494Q	-0.01	0.03
494	S494R	0.05	-0.08
494	S494S	0.0	0.0
494	S494T	-0.01	-0.12
494	S494V	-0.21	-0.42
494	S494W	-0.25	-0.92
494	S494Y	-0.1	-0.44
494	S494*		-3.6
495	Y495A	-2.35	-1.83
495	Y495C	-2.33	-2.1
495	Y495D	-2.61	-2.15
495	Y495E	-2.6	-1.59
495	Y495F	-0.5	-1.75
495	Y495G	-3.93	-1.85
495	Y495H	-1.1	-1.11
495	Y495I	-1.54	-2.01
495	Y495K	-2.14	-1.92
495	Y495L	-1.65	-2.13
495	Y495M	-0.87	-1.54
495	Y495N	-1.43	-2.09
495	Y495P	-2.67	-2.02
495	Y495Q	-1.98	-1.68
495	Y495R	-1.59	-2.08
495	Y495S	-2.43	-2.02
495	Y495T	-2.14	-2.04
495	Y495V	-1.91	-1.91
495	Y495W	-0.82	-1.87
495	Y495Y	0.0	0.0
495	Y495*		-4.55
496	G496A	-0.53	0.07
496	G496C	-1.42	-0.06
496	G496D	-2.21	0.03
496	G496E	-2.33	0.02
496	G496F	-2.12	-0.32
496	G496G	0.0	0.0
496	G496H	-1.52	-0.11
496	G496I	-1.51	-0.02
496	G496K	-1.65	0.14
496	G496L	-1.7	-0.17
496	G496M	-1.62	-0.1
496	G496N	-0.35	0.04
496	G496P	-2.1	-0.63
496	G496Q	-1.58	0.05
496	G496R	-1.63	0.13
496	G496S	-0.63	0.12
496	G496T	-1.46	0.12
496	G496V	-1.05	-0.04
496	G496W	-1.63	-0.43
496	G496Y	-2.0	-0.15
496	G496*		-4.51
497	F497A	-4.8	-1.95
497	F497C	-4.78	-2.35
497	F497D	-4.63	-2.21
497	F497E	-4.8	-2.15
497	F497F	0.0	0.0
497	F497G	-3.84	-2.14
497	F497H	-3.07	-2.17
497	F497I	-4.8	-2.22
497	F497K	-4.8	-2.01
497	F497L	-2.05	-2.06
497	F497M	-2.35	-2.17
497	F497N	-4.42	-2.04
497	F497P	-4.8	-2.04
497	F497Q	-4.75	-2.06
497	F497R	-4.8	-2.31
497	F497S	-4.8	-2.05
497	F497T	-4.8	-1.91
497	F497V	-4.73	-2.15
497	F497W	-1.81	-1.43
497	F497Y	-0.59	-1.76
497	F497*		-4.61
498	Q498A	-0.05	0.05
498	Q498C	-1.41	-0.44
498	Q498D	-1.27	0.45
498	Q498E	-0.98	-0.06
498	Q498F	0.15	0.05
498	Q498G	-0.61	-0.09
498	Q498H	0.3	0.16
498	Q498I	-1.48	-0.12
498	Q498K	-2.26	0.05
498	Q498L	-1.58	-0.14
498	Q498M	-0.51	-0.1
498	Q498N	-0.5	-0.1
498	Q498P	-3.14	-1.29
498	Q498Q	0.0	0.0
498	Q498R	-0.06	-0.1
498	Q498S	-0.17	-0.45
498	Q498T	-0.67	-0.21
498	Q498V	-1.24	-0.11
498	Q498W	0.07	-0.41
498	Q498Y	0.16	0.06
498	Q498*		-4.56
499	P499A	-0.47	-0.52
499	P499C	-1.07	-0.83
499	P499D	-0.92	-0.21
499	P499E	-1.1	-0.06
499	P499F	-0.41	-0.94
499	P499G	-1.02	-0.23
499	P499H	-0.47	-0.51
499	P499I	-0.46	-1.07
499	P499K	-0.12	-0.41
499	P499L	-0.36	-0.61
499	P499M	-0.46	-0.53
499	P499N	-0.37	-0.34
499	P499P	0.0	0.0
499	P499Q	-0.59	-0.27
499	P499R	-0.14	-0.58
499	P499S	-0.23	-0.24
499	P499T	-0.15	-0.35
499	P499V	-0.37	-0.41
499	P499W	-0.99	-1.08
499	P499Y	-0.36	-0.58
499	P499*		-4.57
500	T500A	-0.56	-0.02
500	T500C	-1.6	-0.33
500	T500D	-1.99	-0.01
500	T500E	-1.14	0.01
500	T500F	-0.98	-0.26
500	T500G	-0.93	0.06
500	T500H	-0.88	-0.19
500	T500I	-2.3	-0.48
500	T500K	-0.8	-0.11
500	T500L	-1.52	-0.29
500	T500M	-0.75	-0.31
500	T500N	-1.2	-0.04
500	T500P	-1.12	-0.98
500	T500Q	-0.44	-0.02
500	T500R	-1.12	-0.34
500	T500S	-0.32	0.0
500	T500T	0.0	0.0
500	T500V	-1.89	-0.42
500	T500W	-0.43	-0.42
500	T500Y	-0.97	-0.28
500	T500*		-4.5
501	N501A	-0.06	0.07
501	N501C	-0.58	-0.47
501	N501D	-2.42	0.08
501	N501E	-0.79	-0.42
501	N501F	0.29	-0.1
501	N501G	-0.94	-0.32
501	N501H	0.0	-0.24
501	N501I	-0.08	-0.7
501	N501K	-2.79	-0.1
501	N501L	-1.15	-0.04
501	N501M	0.0	0.33
501	N501N	0.0	0.0
501	N501P	-1.95	-0.62
501	N501Q	-0.06	0.14
501	N501R	-2.08	-0.07
501	N501S	-0.13	-0.03
501	N501T	0.1	-0.25
501	N501V	0.15	-0.19
501	N501W	0.11	0.1
501	N501Y	0.24	-0.14
501	N501*		-4.23
502	G502A	-2.8	0.08
502	G502C	-3.11	-0.25
502	G502D	-4.16	0.64
502	G502E	-4.67	0.54
502	G502F	-4.8	-0.19
502	G502G	0.0	0.0
502	G502H	-4.47	0.05
502	G502I	-4.66	0.03
502	G502K	-4.16	0.24
502	G502L	-4.8	-0.16
502	G502M	-4.8	-0.09
502	G502N	-4.38	0.25
502	G502P	-4.55	0.25
502	G502Q	-4.68	0.16
502	G502R	-4.8	0.1
502	G502S	-2.7	0.28
502	G502T	-4.8	0.15
502	G502V	-4.8	0.1
502	G502W	-4.8	-0.29
502	G502Y	-4.8	-0.27
502	G502*		-4.54
503	V503A	-0.06	-0.1
503	V503C	-0.06	-0.22
503	V503D	-0.07	-0.11
503	V503E	-0.2	0.07
503	V503F	-0.01	-0.38
503	V503G	-0.16	-0.49
503	V503H	-0.07	-0.33
503	V503I	0.05	-0.05
503	V503K	0.1	0.01
503	V503L	0.03	0.04
503	V503M	0.1	-0.12
503	V503N	-0.08	-0.29
503	V503P	-0.88	-1.66
503	V503Q	-0.01	-0.11
503	V503R	0.01	-0.15
503	V503S	-0.64	-0.21
503	V503T	-1.08	-0.12
503	V503V	0.0	0.0
503	V503W	-0.09	-0.61
503	V503Y	-0.01	-0.57
503	V503*		-4.56
504	G504A	-0.18	0.01
504	G504C	-0.9	-0.56
504	G504D	-0.27	0.3
504	G504E	-0.64	0.09
504	G504F	-0.51	-0.67
504	G504G	0.0	0.0
504	G504H	-0.49	-0.13
504	G504I	-1.67	-0.3
504	G504K	-0.42	0.04
504	G504L	-0.51	-0.03
504	G504M	-0.36	0.01
504	G504N	-0.13	0.01
504	G504P	-0.3	-0.16
504	G504Q	-0.42	0.0
504	G504R	-0.38	-0.11
504	G504S	-0.2	-0.08
504	G504T	-0.45	-0.2
504	G504V	-1.41	-0.48
504	G504W	-0.47	-0.58
504	G504Y	-0.5	-0.7
504	G504*		-4.55
505	Y505A	-2.43	0.12
505	Y505C	-2.36	0.12
505	Y505D	-3.07	0.41
505	Y505E	-3.17	0.56
505	Y505F	-0.15	-0.01
505	Y505G	-4.65	0.37
505	Y505H	-0.71	0.16
505	Y505I	-3.19	-0.42
505	Y505K	-2.71	0.13
505	Y505L	-2.51	0.03
505	Y505M	-2.32	0.07
505	Y505N	-2.0	0.56
505	Y505P	-4.09	-1.09
505	Y505Q	-2.29	0.21
505	Y505R	-2.47	0.02
505	Y505S	-2.37	0.28
505	Y505T	-3.46	-0.02
505	Y505V	-2.46	-0.26
505	Y505W	0.13	-0.04
505	Y505Y	0.0	0.0
505	Y505*		-4.61
506	Q506A	-1.45	-0.83
506	Q506C	-2.07	-1.93
506	Q506D	-2.64	-0.74
506	Q506E	-2.2	-0.8
506	Q506F	-2.78	-2.19
506	Q506G	-2.37	-1.33
506	Q506H	-0.84	-0.88
506	Q506I	-2.53	-2.05
506	Q506K	-1.46	-1.69
506	Q506L	-1.46	-1.81
506	Q506M	-0.57	-1.02
506	Q506N	-0.28	-0.96
506	Q506P	-4.8	-2.08
506	Q506Q	0.0	0.0
506	Q506R	-1.62	-1.88
506	Q506S	-1.57	-1.28
506	Q506T	-2.29	-1.74
506	Q506V	-2.32	-1.82
506	Q506W	-2.29	-2.14
506	Q506Y	-2.86	-2.14
506	Q506*		-4.55
507	P507A	-0.75	-0.88
507	P507C	-2.31	-2.2
507	P507D	-4.13	-2.46
507	P507E	-4.8	-2.39
507	P507F	-4.8	-2.18
507	P507G	-3.07	-2.57
507	P507H	-4.41	-2.62
507	P507I	-4.68	-2.43
507	P507K	-4.8	-2.34
507	P507L	-4.8	-1.83
507	P507M	-4.43	-2.05
507	P507N	-4.8	-2.62
507	P507P	0.0	0.0
507	P507Q	-4.61	-2.49
507	P507R	-4.8	-2.8
507	P507S	-1.29	-1.7
507	P507T	-4.45	-2.41
507	P507V	-4.31	-2.5
507	P507W	-4.61	-2.07
507	P507Y	-4.8	-2.24
507	P507*		-4.62
508	Y508A	-0.4	-0.85
508	Y508C	-0.33	-1.02
508	Y508D	-3.08	-2.15
508	Y508E	-1.14	-2.45
508	Y508F	0.02	-0.16
508	Y508G	-4.7	-2.79
508	Y508H	0.07	0.14
508	Y508I	-0.57	-1.52
508	Y508K	-1.23	-2.14
508	Y508L	-0.52	-1.72
508	Y508M	-0.18	-0.86
508	Y508N	-0.19	-0.98
508	Y508P	-4.68	-2.67
508	Y508Q	-0.38	-1.32
508	Y508R	-0.77	-2.26
508	Y508S	-0.4	-1.43
508	Y508T	-0.27	-1.0
508	Y508V	-0.25	-0.98
508	Y508W	-0.17	-0.45
508	Y508Y	0.0	0.0
508	Y508*		-4.58
509	R509A	-4.15	-2.5
509	R509C	-3.7	-2.31
509	R509D	-4.8	-2.78
509	R509E	-4.8	-2.53
509	R509F	-4.65	-2.44
509	R509G	-4.8	-2.66
509	R509H	-1.0	-2.51
509	R509I	-3.76	-2.67
509	R509K	-1.11	-2.05
509	R509L	-4.74	-2.88
509	R509M	-4.74	-2.59
509	R509N	-4.7	-2.23
509	R509P	-4.72	-2.8
509	R509Q	-3.21	-2.54
509	R509R	0.0	0.0
509	R509S	-3.5	-2.58
509	R509T	-2.06	-2.45
509	R509V	-2.49	-2.47
509	R509W	-4.8	-2.59
509	R509Y	-4.8	-2.06
509	R509*		-4.38
510	V510A	-0.83	-2.61
510	V510C	-0.14	-1.86
510	V510D	-4.8	-3.36
510	V510E	-3.61	-3.05
510	V510F	-1.77	-2.65
510	V510G	-4.8	-2.92
510	V510H	-3.88	-3.08
510	V510I	-0.16	-0.76
510	V510K	-4.56	-3.14
510	V510L	-0.6	-2.2
510	V510M	-0.53	-2.03
510	V510N	-4.5	-2.98
510	V510P	-4.53	-3.2
510	V510Q	-4.6	-3.05
510	V510R	-4.39	-3.12
510	V510S	-4.42	-2.99
510	V510T	-0.47	-2.91
510	V510V	0.0	0.0
510	V510W	-4.35	-2.79
510	V510Y	-4.6	-2.65
510	V510*		-4.61
511	V511A	-0.78	-2.59
511	V511C	-0.65	-2.53
511	V511D	-4.46	-2.81
511	V511E	-4.04	-2.99
511	V511F	-1.8	-2.6
511	V511G	-4.8	-3.06
511	V511H	-3.32	-2.89
511	V511I	-0.4	-1.2
511	V511K	-4.8	-3.06
511	V511L	-0.83	-2.06
511	V511M	-0.85	-2.6
511	V511N	-3.81	-2.91
511	V511P	-4.19	-3.24
511	V511Q	-2.99	-2.87
511	V511R	-4.8	-3.0
511	V511S	-3.42	-2.93
511	V511T	-0.89	-2.7
511	V511V	0.0	0.0
511	V511W	-3.2	-2.79
511	V511Y	-2.27	-2.42
511	V511*		-4.29
512	V512A	-0.72	-2.6
512	V512C	-0.66	-1.78
512	V512D	-1.6	-3.44
512	V512E	-4.06	-3.21
512	V512F	-4.79	-2.88
512	V512G	-4.67	-3.06
512	V512H	-4.24	-3.05
512	V512I	-0.22	-0.69
512	V512K	-4.33	-3.01
512	V512L	-3.97	-2.79
512	V512M	-4.34	-2.63
512	V512N	-4.38	-3.13
512	V512P	-3.68	-3.45
512	V512Q	-4.14	-3.0
512	V512R	-4.8	-3.0
512	V512S	-1.23	-3.01
512	V512T	-0.71	-2.81
512	V512V	0.0	0.0
512	V512W	-4.31	-2.84
512	V512Y	-4.15	-2.99
512	V512*		-3.35
513	L513A	-3.14	-2.92
513	L513C	-1.94	-2.78
513	L513D	-3.15	-3.74
513	L513E	-2.52	-3.53
513	L513F	-0.34	-1.08
513	L513G	-4.8	-3.05
513	L513H	-3.61	-3.07
513	L513I	-0.13	-0.54
513	L513K	-2.51	-3.39
513	L513L	0.0	0.0
513	L513M	-0.17	-0.83
513	L513N	-4.54	-3.22
513	L513P	-4.76	-3.43
513	L513Q	-4.8	-3.34
513	L513R	-4.6	-3.47
513	L513S	-4.12	-3.43
513	L513T	-1.9	-3.04
513	L513V	-0.45	-1.56
513	L513W	-1.95	-2.56
513	L513Y	-1.78	-2.88
513	L513*		-3.88
514	S514A	-0.09	-0.48
514	S514C	-0.12	-0.22
514	S514D	-0.47	-1.7
514	S514E	-0.38	-1.78
514	S514F	-0.23	-0.91
514	S514G	-0.06	-0.24
514	S514H	-0.01	-0.11
514	S514I	-0.01	-0.24
514	S514K	-0.11	-0.84
514	S514L	-0.22	-0.75
514	S514M	-0.17	-0.58
514	S514N	-0.06	-0.65
514	S514P	-2.52	-2.94
514	S514Q	-0.1	-0.56
514	S514R	-0.23	-0.6
514	S514S	0.0	0.0
514	S514T	0.01	0.12
514	S514V	-0.03	0.05
514	S514W	-0.02	-0.23
514	S514Y	-0.12	-0.54
514	S514*		-4.59
515	F515A	-0.65	-2.51
515	F515C	-0.86	-1.94
515	F515D	-2.93	-2.77
515	F515E	-1.09	-2.87
515	F515F	0.0	0.0
515	F515G	-0.39	-1.92
515	F515H	-0.7	-2.61
515	F515I	-0.38	-1.21
515	F515K	-1.46	-3.07
515	F515L	-0.17	-0.74
515	F515M	-0.05	-0.38
515	F515N	-1.89	-2.63
515	F515P	-0.9	-2.48
515	F515Q	-0.32	-3.1
515	F515R	-1.34	-2.91
515	F515S	-1.09	-2.85
515	F515T	-0.74	-2.85
515	F515V	-0.42	-1.71
515	F515W	-0.29	-1.42
515	F515Y	-0.22	-1.02
515	F515*		-3.74
516	E516A	-0.25	-1.32
516	E516C	-0.36	-2.58
516	E516D	-0.02	-0.15
516	E516E	0.0	0.0
516	E516F	-0.46	-2.55
516	E516G	-0.15	-1.05
516	E516H	-0.08	-0.74
516	E516I	-0.36	-3.21
516	E516K	-0.15	-0.64
516	E516L	-0.54	-3.11
516	E516M	-0.32	-2.03
516	E516N	-0.06	-0.14
516	E516P	-0.24	-0.81
516	E516Q	-0.05	0.21
516	E516R	-0.11	-0.63
516	E516S	-0.13	-0.62
516	E516T	-0.13	-0.75
516	E516V	-0.28	-2.18
516	E516W	-0.08	-0.6
516	E516Y	-0.3	-1.1
516	E516*		-4.13
517	L517A	-0.08	-1.6
517	L517C	-0.03	-0.46
517	L517D	-0.02	-0.25
517	L517E	-0.07	-0.16
517	L517F	-0.02	-0.54
517	L517G	-0.01	0.04
517	L517H	-0.05	-0.36
517	L517I	-0.07	-0.06
517	L517K	0.04	0.04
517	L517L	0.0	0.0
517	L517M	0.13	0.09
517	L517N	-0.04	0.29
517	L517P	-0.14	-0.5
517	L517Q	-0.01	-0.03
517	L517R	0.06	-0.23
517	L517S	0.0	-0.01
517	L517T	0.0	0.06
517	L517V	-0.02	-0.33
517	L517W	-0.11	-0.61
517	L517Y	-0.01	-0.43
517	L517*		-3.28
518	L518A	0.04	-0.13
518	L518C	0.0	0.11
518	L518D	0.04	0.7
518	L518E	0.0	0.68
518	L518F	-0.06	-0.2
518	L518G	0.0	-0.03
518	L518H	-0.03	-0.01
518	L518I	0.0	-0.16
518	L518K	0.0	0.35
518	L518L	0.0	0.0
518	L518M	0.0	-0.08
518	L518N	0.03	0.13
518	L518P	-0.09	-0.09
518	L518Q	0.0	0.06
518	L518R	-0.11	-0.09
518	L518S	0.09	0.29
518	L518T	0.0	0.24
518	L518V	0.01	-0.03
518	L518W	-0.06	-0.33
518	L518Y	-0.02	-0.11
518	L518*		-3.56
519	H519A	0.02	-0.03
519	H519C	-0.13	-0.23
519	H519D	0.0	0.27
519	H519E	0.02	-2.87
519	H519F	-0.06	-0.65
519	H519G	0.0	-0.19
519	H519H	0.0	0.0
519	H519I	-0.13	-0.67
519	H519K	-0.01	-1.4
519	H519L	-0.06	-0.45
519	H519M	-0.6	-1.99
519	H519N	0.05	0.22
519	H519P	0.02	0.07
519	H519Q	0.0	-0.05
519	H519R	-0.06	-0.13
519	H519S	0.05	0.01
519	H519T	0.02	-0.01
519	H519V	0.01	-0.37
519	H519W	-0.07	-0.41
519	H519Y	-0.05	-0.29
519	H519*		-2.88
520	A520A	0.0	0.0
520	A520C	-0.2	-0.28
520	A520D	-0.02	-0.05
520	A520E	0.03	0.01
520	A520F	-0.06	-0.38
520	A520G	0.05	0.29
520	A520H	0.01	-0.18
520	A520I	-0.16	-0.5
520	A520K	-0.02	-0.09
520	A520L	-0.03	-0.4
520	A520M	-0.05	-0.22
520	A520N	-0.05	-0.13
520	A520P	0.02	0.05
520	A520Q	-0.02	-1.21
520	A520R	-0.03	-0.21
520	A520S	-0.04	-0.05
520	A520T	0.0	-0.07
520	A520V	-0.08	-0.23
520	A520W	-0.21	-1.75
520	A520Y	-0.02	-0.35
520	A520*		-3.39
521	P521A	-0.04	-1.43
521	P521C	-0.11	-0.57
521	P521D	0.0	-0.09
521	P521E	0.0	-1.37
521	P521F	-0.15	-0.77
521	P521G	0.02	-0.17
521	P521H	0.0	-0.19
521	P521I	-0.2	-1.14
521	P521K	-0.08	-0.54
521	P521L	-0.2	-1.31
521	P521M	-0.08	-2.74
521	P521N	-0.06	0.25
521	P521P	0.0	0.0
521	P521Q	0.0	-1.12
521	P521R	-0.01	-0.16
521	P521S	0.04	-0.06
521	P521T	-0.03	-0.14
521	P521V	-0.06	-0.84
521	P521W	-0.57	-1.87
521	P521Y	-0.12	-1.88
521	P521*		-3.01
522	A522A	0.0	0.0
522	A522C	-0.07	-0.19
522	A522D	-0.04	-0.01
522	A522E	-0.01	-0.02
522	A522F	0.0	-0.65
522	A522G	0.0	0.04
522	A522H	0.03	-0.17
522	A522I	-0.01	-0.14
522	A522K	0.01	0.03
522	A522L	-0.05	-0.18
522	A522M	0.01	-0.03
522	A522N	0.0	-0.33
522	A522P	0.04	-0.27
522	A522Q	-0.04	0.09
522	A522R	-0.02	-0.08
522	A522S	-0.03	-0.01
522	A522T	0.02	-0.02
522	A522V	-0.03	-0.07
522	A522W	-0.02	-0.38
522	A522Y	0.0	0.2
522	A522*		-3.46
523	T523A	-0.03	-0.4
523	T523C		
523	T523D	-0.23	-2.19
523	T523E		
523	T523F	0.01	-0.3
523	T523G	-0.01	-2.9
523	T523H	0.0	-2.96
523	T523I	-0.09	-0.55
523	T523K	-0.02	-2.95
523	T523L	-0.1	
523	T523M		-2.87
523	T523N	-0.02	-0.27
523	T523P	-0.01	-1.25
523	T523Q	0.0	-2.88
523	T523R	0.0	-1.31
523	T523S	-0.02	-1.34
523	T523T	0.0	0.0
523	T523V	0.0	-0.09
523	T523W		
523	T523Y	-0.01	-0.25
523	T523*		
524	V524A	-0.07	-0.09
524	V524C		
524	V524D	-0.53	-0.2
524	V524E	-0.1	
524	V524F		
524	V524G	-0.02	-0.12
524	V524H		
524	V524I	-0.06	-0.14
524	V524K		
524	V524L	-0.01	-0.15
524	V524M		
524	V524N		
524	V524P	-1.31	-1.03
524	V524Q		
524	V524R	-0.34	0.54
524	V524S		
524	V524T	-0.69	
524	V524V	0.0	0.0
524	V524W	-1.08	-3.0
524	V524Y	-0.18	-0.95
524	V524*		-2.83
525	C525A	-0.07	-0.18
525	C525C	0.0	0.0
525	C525D	-0.05	0.19
525	C525E	-0.02	-2.75
525	C525F	-0.02	-0.48
525	C525G	-0.25	-0.04
525	C525H	-0.49	-1.39
525	C525I	-0.05	-0.17
525	C525K	-0.07	-0.83
525	C525L	-0.07	-0.33
525	C525M	-0.03	-0.37
525	C525N	-0.02	-0.35
525	C525P	-0.84	-0.2
525	C525Q	-0.35	-0.4
525	C525R	-0.08	-0.64
525	C525S	-0.04	-0.17
525	C525T	-0.08	-0.58
525	C525V	-0.06	-1.79
525	C525W	-0.11	-0.87
525	C525Y	-0.02	-0.18
525	C525*		-4.55
526	G526A	-0.06	-0.26
526	G526C	-0.11	-0.24
526	G526D	-0.08	-0.1
526	G526E	-0.01	-0.13
526	G526F	-0.06	-0.74
526	G526G	0.0	0.0
526	G526H	0.0	
526	G526I	-0.12	-1.22
526	G526K	0.0	0.22
526	G526L	-0.13	-0.4
526	G526M	0.02	-0.34
526	G526N	-0.1	-0.18
526	G526P	-0.01	-0.09
526	G526Q	-0.07	-0.01
526	G526R	-0.08	-0.3
526	G526S	-0.02	-0.14
526	G526T	0.01	-0.15
526	G526V	-0.04	-0.12
526	G526W	-0.08	-0.44
526	G526Y	-0.02	-0.31
526	G526*		-3.83
527	P527A	0.02	0.25
527	P527C	0.0	0.3
527	P527D	0.01	0.19
527	P527E	0.02	-0.05
527	P527F	0.02	0.01
527	P527G	0.02	0.01
527	P527H	-0.01	0.07
527	P527I	0.01	0.22
527	P527K	0.05	0.34
527	P527L	0.04	0.41
527	P527M	0.11	0.21
527	P527N	0.01	0.05
527	P527P	0.0	0.0
527	P527Q	0.07	0.08
527	P527R	0.03	0.19
527	P527S	0.03	0.12
527	P527T	0.02	0.16
527	P527V	0.04	0.16
527	P527W	-0.2	0.19
527	P527Y	0.03	0.09
527	P527*		-4.56
528	K528A	-0.02	0.08
528	K528C	-0.01	-0.09
528	K528D	0.0	-0.2
528	K528E	-0.02	0.01
528	K528F	0.11	-0.22
528	K528G	0.0	0.14
528	K528H	-0.01	-0.07
528	K528I	-0.06	-0.09
528	K528K	0.0	0.0
528	K528L	0.0	-0.1
528	K528M	0.01	0.0
528	K528N	0.02	0.18
528	K528P	-0.16	-0.02
528	K528Q	0.0	0.04
528	K528R	-0.01	0.04
528	K528S	-0.01	0.04
528	K528T	-0.02	-0.07
528	K528V	0.01	-0.1
528	K528W	-0.02	-0.09
528	K528Y	-0.06	-0.08
528	K528*		-4.57
529	K529A	0.0	0.38
529	K529C	0.01	0.11
529	K529D	0.03	0.0
529	K529E	-0.06	-0.06
529	K529F	0.03	0.08
529	K529G	0.03	0.22
529	K529H	-0.02	0.16
529	K529I	0.01	0.05
529	K529K	0.0	0.0
529	K529L	-0.01	0.0
529	K529M	0.03	0.0
529	K529N	-0.08	0.02
529	K529P	0.01	0.03
529	K529Q	0.02	0.03
529	K529R	-0.1	0.07
529	K529S	0.01	0.13
529	K529T	-0.04	0.15
529	K529V	0.07	-0.01
529	K529W	0.0	0.03
529	K529Y	0.0	0.07
529	K529*		-4.56
530	S530A	0.0	0.17
530	S530C	-0.01	0.05
530	S530D	-0.01	-0.05
530	S530E	0.05	0.21
530	S530F	0.04	-0.12
530	S530G	-0.06	0.07
530	S530H	0.0	-0.08
530	S530I	0.02	0.1
530	S530K	-0.02	-0.23
530	S530L	0.02	-0.06
530	S530M	0.05	-0.08
530	S530N	0.08	0.06
530	S530P	0.02	0.0
530	S530Q	-0.04	0.02
530	S530R	-0.05	-0.22
530	S530S	0.0	0.0
530	S530T	-0.01	-0.01
530	S530V	0.01	0.01
530	S530W	-0.01	-0.18
530	S530Y	0.02	-0.12
530	S530*		-4.54
531	T531A	0.0	-0.02
531	T531C	-0.03	-0.03
531	T531D	-0.01	0.03
531	T531E	0.01	0.03
531	T531F	-0.06	-0.02
531	T531G	0.01	0.08
531	T531H	0.02	0.01
531	T531I	-0.01	-0.05
531	T531K	-0.01	-0.02
531	T531L	0.01	0.0
531	T531M	-0.01	0.0
531	T531N	-0.01	0.06
531	T531P	0.01	-0.02
531	T531Q	-0.01	0.0
531	T531R	-0.01	-0.07
531	T531S	0.01	0.02
531	T531T	0.0	0.0
531	T531V	0.01	-0.06
531	T531W	-0.02	-0.08
531	T531Y	-0.01	-0.05
531	T531*		-4.55
